-- phpMyAdmin SQL Dump
-- version 5.2.0
-- https://www.phpmyadmin.net/
--
-- Host: 127.0.0.1
-- Generation Time: Jan 19, 2023 at 08:49 AM
-- Server version: 10.4.24-MariaDB
-- PHP Version: 8.0.19

SET SQL_MODE = "NO_AUTO_VALUE_ON_ZERO";
START TRANSACTION;
SET time_zone = "+00:00";


/*!40101 SET @OLD_CHARACTER_SET_CLIENT=@@CHARACTER_SET_CLIENT */;
/*!40101 SET @OLD_CHARACTER_SET_RESULTS=@@CHARACTER_SET_RESULTS */;
/*!40101 SET @OLD_COLLATION_CONNECTION=@@COLLATION_CONNECTION */;
/*!40101 SET NAMES utf8mb4 */;

--
-- Database: `ppi`
--

-- --------------------------------------------------------

--
-- Table structure for table `auditor`
--

CREATE TABLE `auditor` (
  `id_auditor` int(11) NOT NULL,
  `kd_auditor` varchar(255) NOT NULL,
  `nama_inisial` varchar(100) NOT NULL DEFAULT '-',
  `kd_unit` varchar(255) NOT NULL,
  `password` varchar(255) NOT NULL DEFAULT '8cb2237d0679ca88db6464eac60da96345513964',
  `status` enum('0','1') NOT NULL
) ENGINE=InnoDB DEFAULT CHARSET=latin1;

--
-- Dumping data for table `auditor`
--

INSERT INTO `auditor` (`id_auditor`, `kd_auditor`, `nama_inisial`, `kd_unit`, `password`, `status`) VALUES
(13, 'P28', '-', '10', '8cb2237d0679ca88db6464eac60da96345513964', '1'),
(16, 'PLK003', '-', '', '8cb2237d0679ca88db6464eac60da96345513964', '1'),
(17, '199411152022212003', '-', '', '8cb2237d0679ca88db6464eac60da96345513964', '1'),
(18, '199201222020122010', '-', '', '8cb2237d0679ca88db6464eac60da96345513964', '1'),
(19, '199602262020122008', '-', '', '8cb2237d0679ca88db6464eac60da96345513964', '1'),
(22, 'P05', '-', '', '8cb2237d0679ca88db6464eac60da96345513964', '1'),
(23, 'P99', '-', '', '8cb2237d0679ca88db6464eac60da96345513964', '1'),
(24, 'P131', '-', '', '8cb2237d0679ca88db6464eac60da96345513964', '1'),
(25, '199204012020121015', '-', '', '8cb2237d0679ca88db6464eac60da96345513964', '1'),
(26, 'JNZ0001', '-', '', '8cb2237d0679ca88db6464eac60da96345513964', '1'),
(27, '199405022020122016', '-', '', '8cb2237d0679ca88db6464eac60da96345513964', '1'),
(28, 'U135', '-', '', '8cb2237d0679ca88db6464eac60da96345513964', '1'),
(29, 'RM006', '-', '', '8cb2237d0679ca88db6464eac60da96345513964', '1'),
(30, 'P05', '-', '', '8cb2237d0679ca88db6464eac60da96345513964', '1'),
(31, 'P05', '-', '', '8cb2237d0679ca88db6464eac60da96345513964', '1'),
(32, 'PL001', '-', '12', '8cb2237d0679ca88db6464eac60da96345513964', '1'),
(33, '198912122020122012', '-', '', '8cb2237d0679ca88db6464eac60da96345513964', '1'),
(34, 'U135', '-', '', '8cb2237d0679ca88db6464eac60da96345513964', '1'),
(35, 'PLK003', '-', '', '8cb2237d0679ca88db6464eac60da96345513964', '1'),
(36, 'P99', '-', '', '8cb2237d0679ca88db6464eac60da96345513964', '1'),
(38, '198912122020122012', '-', '', '8cb2237d0679ca88db6464eac60da96345513964', '1'),
(39, '198912122020122012', '-', '', '8cb2237d0679ca88db6464eac60da96345513964', '1'),
(40, '197008082009022001', '-', '13', '8cb2237d0679ca88db6464eac60da96345513964', '1'),
(41, '199502142020122019', '-', '14', '8cb2237d0679ca88db6464eac60da96345513964', '1'),
(42, 'P21', '-', '15', '8cb2237d0679ca88db6464eac60da96345513964', '1'),
(43, 'P86', '-', '16', '8cb2237d0679ca88db6464eac60da96345513964', '1'),
(44, 'P89', '-', '21', '8cb2237d0679ca88db6464eac60da96345513964', '1'),
(45, 'P009009', '-', '21', '8cb2237d0679ca88db6464eac60da96345513964', '1'),
(46, '199706172020122013', '-', '24', '8cb2237d0679ca88db6464eac60da96345513964', '1'),
(47, 'P16', '-', '19', '8cb2237d0679ca88db6464eac60da96345513964', '1'),
(48, '199708202020121007', '-', '18', '8cb2237d0679ca88db6464eac60da96345513964', '1'),
(49, '199204012020121015', '-', '17', '8cb2237d0679ca88db6464eac60da96345513964', '1');

-- --------------------------------------------------------

--
-- Table structure for table `departement_survey`
--

CREATE TABLE `departement_survey` (
  `kd_dpt` int(11) NOT NULL,
  `nama_departement` varchar(255) NOT NULL,
  `status` int(1) NOT NULL DEFAULT 1,
  `khusus` int(1) NOT NULL DEFAULT 0
) ENGINE=InnoDB DEFAULT CHARSET=utf8mb4;

--
-- Dumping data for table `departement_survey`
--

INSERT INTO `departement_survey` (`kd_dpt`, `nama_departement`, `status`, `khusus`) VALUES
(3, 'Perawat IGD', 0, 0),
(4, 'Perawat Perinatologi', 0, 0),
(5, 'Perawat Poliklinik', 0, 0),
(6, 'Perawat ICU', 0, 0),
(7, 'Trimurti', 0, 0),
(8, 'Trimurti', 0, 0),
(9, 'latief', 0, 0),
(10, 'HD', 1, 0),
(11, 'perina', 0, 0),
(12, 'CSSD', 1, 0),
(13, 'IPCN', 1, 1),
(14, 'POLIKLINIK', 1, 0),
(15, 'ICU', 1, 0),
(16, 'IGD', 1, 0),
(17, 'IPSRS', 1, 0),
(18, 'KESLING', 1, 0),
(19, 'PERINA', 1, 0),
(20, 'MANAJEMEN', 1, 0),
(21, 'TRIMURTI', 1, 0),
(22, 'PEMULASARAAN JENAZAH', 1, 0),
(23, 'GIZI', 1, 0),
(24, 'LATIEF', 1, 0);

-- --------------------------------------------------------

--
-- Table structure for table `dokumen`
--

CREATE TABLE `dokumen` (
  `no_dok` varchar(20) NOT NULL,
  `no_rev` varchar(50) NOT NULL,
  `id_kegiatan` int(11) NOT NULL,
  `nama_dokumen` varchar(255) DEFAULT NULL,
  `tgl_berlaku` date NOT NULL,
  `nama_diamati` varchar(255) NOT NULL,
  `tanggal` date NOT NULL,
  `kd_dpt` int(11) NOT NULL,
  `petugas` varchar(20) CHARACTER SET latin1 NOT NULL,
  `keterangan` text DEFAULT NULL,
  `rekomendasi` text DEFAULT NULL,
  `tindak_lanjut` text DEFAULT NULL,
  `created_at` timestamp NOT NULL DEFAULT current_timestamp(),
  `updated_at` timestamp NOT NULL DEFAULT current_timestamp() ON UPDATE current_timestamp()
) ENGINE=InnoDB DEFAULT CHARSET=utf8mb4;

--
-- Dumping data for table `dokumen`
--

INSERT INTO `dokumen` (`no_dok`, `no_rev`, `id_kegiatan`, `nama_dokumen`, `tgl_berlaku`, `nama_diamati`, `tanggal`, `kd_dpt`, `petugas`, `keterangan`, `rekomendasi`, `tindak_lanjut`, `created_at`, `updated_at`) VALUES
('DOK2023/01/16/0001', '', 54, 'FORMULIR AUDIT GIZI', '2023-01-16', '', '2023-01-16', 23, '197008082009022001', 'Kulkas penyimpanan bahan makanan basah tampak kotor\r\nTempat pencusian masih tampak kotor disudut sudut ruangan ', 'Bersihkan kulkas dengan rutin\r\nBersihkan ruangan sampai sudut 2', 'Koordinasi dengan CS\r\nKoordinasi dengan IPCLS unit gizi\r\nMelakukan monitoring', '2023-01-16 06:38:33', '2023-01-16 06:38:33'),
('DOK2023/01/16/0002', '', 97, 'FORMULIR SUPERVISI PERAWATAN ALAT PASIEN DI CSSD', '2023-01-16', '', '2023-01-16', 12, '197008082009022001', 'Ruangan steril penyimpanan alat tidak sesuai dengan standar, masih di bawah tekanan positif 10', 'Buat tekanan positif sesuai standar', 'melakukan koordinasi dengan kesling dan IPSRS dalam hal perbaikan tekanan ruangan steril dengan berbagai upaya\r\n1. dengan peningkatan suhu lebih kuat\r\n2. mempersempit ruangan dengan pemasangan sekat', '2023-01-16 06:45:23', '2023-01-16 06:45:23'),
('DOK2023/01/16/0003', '', 99, 'AUDIT PENGELOLAAN LIMBAH', '2023-01-16', '', '2023-01-16', 18, '197008082009022001', 'savety bok sudah tersedia, akan tetapi masih blm standar, karena ada kemungkinan jarum dan cairan masih bisa keluar dan rembes lewat pojok pojoknya', 'sediakan tempat sampah benda tajam yang sesuai standar', 'Koordinasi dengan bagian Farmasi\r\nKoordinasi dengan kesling', '2023-01-16 06:51:19', '2023-01-16 06:51:19'),
('DOK2023/01/16/0004', '', 47, 'FORMULIR KEPATUHAN PEMAKAIAN APD', '2023-01-16', 'p', '2023-01-16', 16, '197008082009022001', 'petugas sesuaimemakai apd', 'pertahankan', 'lakukan monitoring', '2023-01-16 06:54:22', '2023-01-16 06:54:22'),
('DOK2023/01/16/0005', '', 51, 'FORMULIR KEPATUHAN PEMAKAIAN APD', '2023-01-16', '', '2023-01-16', 22, '197008082009022001', 'apd sesuai', 'pertahankan', 'monitoring', '2023-01-16 06:56:30', '2023-01-16 06:56:30'),
('DOK2023/01/16/0006', '', 100, 'FORMULIR MENYUNTIK AMAN', '2023-01-16', '', '2023-01-16', 16, '197008082009022001', 'sesuai', 'pertahankan', 'lakukan monitoring', '2023-01-16 06:57:47', '2023-01-16 06:57:47'),
('DOK2023/01/16/0007', '', 98, 'FORMULIR KEPATUHAN PEMAKAIAN APD', '2023-01-16', 'a', '2023-01-16', 17, '197008082009022001', 'petugas melakukan pengecekan AHU, apd yang digunakan cukup masker dan alas kaki', 'pertahankan ', 'monitoring ', '2023-01-16 07:00:00', '2023-01-16 07:00:00'),
('DOK2023/01/16/0008', '', 49, 'FORMULIR KEPATUHAN PEMAKAIAN APD', '2023-01-16', 'd', '2023-01-16', 14, '197008082009022001', 'petugas Unit gigi melakukan tindakan pencabutan ', 'APD sesuai', 'lanjutkan dan monitoring', '2023-01-16 07:01:45', '2023-01-16 07:01:45'),
('DOK2023/01/16/0009', '', 48, 'FORMULIR KEPATUHAN PEMAKAIAN APD', '2023-01-16', 'r', '2023-01-16', 21, '197008082009022001', 'petugas melakukan injeksi , memakai Sarung tangan', 'pemakaian APD tidk sesuai indikasi', 'lakukan reedukasi\r\nlakukan monitoeing, da audit ', '2023-01-16 07:04:44', '2023-01-16 07:04:44'),
('DOK2023/01/16/0010', '', 53, 'FORMULIR KEPATUHAN PEMAKAIAN APD', '2023-01-16', 'r', '2023-01-16', 19, '197008082009022001', 'petugas melakukan resusitasi dengan apd yang standar', 'pertahankan', 'lakukan monitoring', '2023-01-16 07:20:22', '2023-01-16 07:20:22'),
('DOK2023/01/16/0011', '', 50, 'FORMULIR KEPATUHAN PEMAKAIAN APD', '2023-01-16', '', '2023-01-16', 15, '197008082009022001', 'Petugas memasang DC dengan APD yang sesuai', 'Pertahankan', 'Lakukan monitoring dan audit fasilitas apd', '2023-01-16 07:22:30', '2023-01-16 07:22:30'),
('DOK2023/01/16/0012', '', 52, 'FORMULIR KEPATUHAN PEMAKAIAN APD', '2023-01-16', '', '2023-01-16', 12, '197008082009022001', 'Melakukan tindakan dekontaminasi alat dengan APD yang sesuai', 'sesuai', 'lakukan monitoring', '2023-01-16 07:24:24', '2023-01-16 07:24:24'),
('DOK2023/01/16/0013', '', 70, 'FORMULIR OBSERVASI KEPATUHAN KEBERSIHAN TANGAN', '2023-01-16', 'F', '2023-01-16', 18, '199708202020121007', 'petugas menyambung cairan infus', 'sesuai dengan indikasi', 'lakukan monitoring', '2023-01-16 07:41:45', '2023-01-16 07:41:45'),
('DOK2023/01/16/0014', '', 101, 'AUDIT PENGELOLAAN LIMBAH', '2023-01-16', 'ICU', '2023-01-16', 15, '197008082009022001', 'Limbah masih bercampu antara infeksius dan non infeksius', 'reedukasi', 'monitoring', '2023-01-16 07:57:03', '2023-01-16 07:57:03'),
('DOK2023/01/16/0015', '', 102, 'FORMULIR MENYUNTIK AMAN', '2023-01-16', '', '2023-01-16', 15, '197008082009022001', 'sebelum injeksi tidak cuci tangan', 'reedukasi', 'monitoring', '2023-01-16 08:00:06', '2023-01-16 08:00:06');

-- --------------------------------------------------------

--
-- Table structure for table `dokumen_jawaban`
--

CREATE TABLE `dokumen_jawaban` (
  `id_jawaban` bigint(20) NOT NULL,
  `no_dok` varchar(20) NOT NULL,
  `id_indikator` int(11) NOT NULL,
  `id_kuisioner` bigint(20) NOT NULL,
  `id_nilai` int(11) NOT NULL
) ENGINE=InnoDB DEFAULT CHARSET=utf8mb4;

--
-- Dumping data for table `dokumen_jawaban`
--

INSERT INTO `dokumen_jawaban` (`id_jawaban`, `no_dok`, `id_indikator`, `id_kuisioner`, `id_nilai`) VALUES
(448, 'DOK2023/01/16/0001', 12, 64, 10),
(449, 'DOK2023/01/16/0001', 12, 65, 10),
(450, 'DOK2023/01/16/0001', 12, 66, 10),
(451, 'DOK2023/01/16/0001', 12, 67, 12),
(452, 'DOK2023/01/16/0001', 13, 68, 10),
(453, 'DOK2023/01/16/0001', 13, 69, 10),
(454, 'DOK2023/01/16/0001', 13, 70, 10),
(455, 'DOK2023/01/16/0001', 14, 71, 11),
(456, 'DOK2023/01/16/0001', 14, 72, 10),
(457, 'DOK2023/01/16/0001', 14, 73, 10),
(458, 'DOK2023/01/16/0001', 14, 74, 10),
(459, 'DOK2023/01/16/0001', 15, 75, 10),
(460, 'DOK2023/01/16/0001', 15, 76, 10),
(461, 'DOK2023/01/16/0001', 15, 77, 10),
(462, 'DOK2023/01/16/0001', 15, 78, 11),
(463, 'DOK2023/01/16/0001', 16, 79, 10),
(464, 'DOK2023/01/16/0001', 16, 80, 10),
(465, 'DOK2023/01/16/0001', 16, 81, 10),
(466, 'DOK2023/01/16/0001', 16, 82, 10),
(467, 'DOK2023/01/16/0001', 16, 83, 10),
(468, 'DOK2023/01/16/0001', 16, 84, 10),
(469, 'DOK2023/01/16/0001', 16, 85, 10),
(470, 'DOK2023/01/16/0001', 16, 86, 11),
(471, 'DOK2023/01/16/0001', 17, 87, 10),
(472, 'DOK2023/01/16/0001', 17, 88, 10),
(473, 'DOK2023/01/16/0001', 17, 89, 10),
(474, 'DOK2023/01/16/0001', 17, 90, 10),
(475, 'DOK2023/01/16/0001', 18, 91, 11),
(476, 'DOK2023/01/16/0001', 18, 92, 10),
(477, 'DOK2023/01/16/0001', 18, 93, 11),
(478, 'DOK2023/01/16/0001', 18, 94, 10),
(479, 'DOK2023/01/16/0001', 19, 95, 10),
(480, 'DOK2023/01/16/0001', 19, 96, 10),
(481, 'DOK2023/01/16/0001', 19, 97, 10),
(482, 'DOK2023/01/16/0001', 19, 98, 10),
(483, 'DOK2023/01/16/0001', 19, 99, 10),
(484, 'DOK2023/01/16/0001', 20, 100, 11),
(485, 'DOK2023/01/16/0001', 20, 101, 10),
(486, 'DOK2023/01/16/0001', 20, 102, 10),
(487, 'DOK2023/01/16/0001', 20, 103, 10),
(488, 'DOK2023/01/16/0002', 3, 6, 4),
(489, 'DOK2023/01/16/0002', 3, 7, 4),
(490, 'DOK2023/01/16/0002', 3, 8, 4),
(491, 'DOK2023/01/16/0002', 3, 9, 4),
(492, 'DOK2023/01/16/0002', 3, 10, 4),
(493, 'DOK2023/01/16/0002', 4, 11, 4),
(494, 'DOK2023/01/16/0002', 4, 12, 4),
(495, 'DOK2023/01/16/0002', 4, 13, 4),
(496, 'DOK2023/01/16/0002', 4, 14, 4),
(497, 'DOK2023/01/16/0002', 4, 15, 4),
(498, 'DOK2023/01/16/0002', 4, 16, 4),
(499, 'DOK2023/01/16/0002', 4, 17, 4),
(500, 'DOK2023/01/16/0002', 5, 18, 4),
(501, 'DOK2023/01/16/0002', 5, 19, 4),
(502, 'DOK2023/01/16/0002', 5, 20, 4),
(503, 'DOK2023/01/16/0002', 5, 21, 4),
(504, 'DOK2023/01/16/0002', 5, 22, 4),
(505, 'DOK2023/01/16/0002', 6, 23, 4),
(506, 'DOK2023/01/16/0002', 6, 24, 4),
(507, 'DOK2023/01/16/0002', 6, 25, 4),
(508, 'DOK2023/01/16/0002', 6, 26, 4),
(509, 'DOK2023/01/16/0002', 6, 27, 4),
(510, 'DOK2023/01/16/0002', 7, 28, 5),
(511, 'DOK2023/01/16/0002', 7, 29, 4),
(512, 'DOK2023/01/16/0002', 7, 30, 4),
(513, 'DOK2023/01/16/0002', 7, 31, 4),
(514, 'DOK2023/01/16/0003', 8, 32, 7),
(515, 'DOK2023/01/16/0003', 8, 33, 7),
(516, 'DOK2023/01/16/0003', 8, 34, 7),
(517, 'DOK2023/01/16/0003', 8, 35, 7),
(518, 'DOK2023/01/16/0003', 8, 36, 7),
(519, 'DOK2023/01/16/0003', 8, 37, 7),
(520, 'DOK2023/01/16/0003', 8, 38, 8),
(521, 'DOK2023/01/16/0003', 8, 39, 7),
(522, 'DOK2023/01/16/0003', 9, 40, 8),
(523, 'DOK2023/01/16/0003', 9, 41, 7),
(524, 'DOK2023/01/16/0003', 9, 42, 7),
(525, 'DOK2023/01/16/0003', 9, 43, 7),
(526, 'DOK2023/01/16/0003', 9, 44, 7),
(527, 'DOK2023/01/16/0003', 9, 45, 7),
(528, 'DOK2023/01/16/0003', 9, 46, 7),
(529, 'DOK2023/01/16/0003', 9, 47, 7),
(530, 'DOK2023/01/16/0003', 9, 48, 7),
(531, 'DOK2023/01/16/0003', 10, 49, 8),
(532, 'DOK2023/01/16/0003', 10, 50, 7),
(533, 'DOK2023/01/16/0003', 10, 51, 7),
(534, 'DOK2023/01/16/0003', 10, 52, 7),
(535, 'DOK2023/01/16/0003', 10, 53, 7),
(536, 'DOK2023/01/16/0003', 10, 54, 7),
(537, 'DOK2023/01/16/0003', 10, 55, 7),
(538, 'DOK2023/01/16/0003', 10, 56, 7),
(539, 'DOK2023/01/16/0003', 10, 57, 7),
(540, 'DOK2023/01/16/0003', 11, 58, 7),
(541, 'DOK2023/01/16/0003', 11, 59, 7),
(542, 'DOK2023/01/16/0003', 11, 60, 7),
(543, 'DOK2023/01/16/0003', 11, 61, 7),
(544, 'DOK2023/01/16/0003', 11, 62, 7),
(545, 'DOK2023/01/16/0003', 11, 63, 7),
(546, 'DOK2023/01/16/0004', 44, 252, 28),
(547, 'DOK2023/01/16/0004', 44, 253, 30),
(548, 'DOK2023/01/16/0004', 44, 254, 28),
(549, 'DOK2023/01/16/0004', 44, 255, 30),
(550, 'DOK2023/01/16/0004', 44, 256, 30),
(551, 'DOK2023/01/16/0004', 44, 257, 30),
(552, 'DOK2023/01/16/0004', 44, 258, 30),
(553, 'DOK2023/01/16/0004', 44, 259, 30),
(554, 'DOK2023/01/16/0004', 44, 260, 28),
(555, 'DOK2023/01/16/0004', 45, 261, 30),
(556, 'DOK2023/01/16/0004', 45, 262, 28),
(557, 'DOK2023/01/16/0004', 45, 263, 30),
(558, 'DOK2023/01/16/0004', 45, 264, 30),
(559, 'DOK2023/01/16/0004', 45, 265, 30),
(560, 'DOK2023/01/16/0004', 45, 266, 28),
(561, 'DOK2023/01/16/0004', 45, 267, 30),
(562, 'DOK2023/01/16/0004', 45, 268, 28),
(563, 'DOK2023/01/16/0005', 44, 252, 28),
(564, 'DOK2023/01/16/0005', 44, 253, 30),
(565, 'DOK2023/01/16/0005', 44, 254, 28),
(566, 'DOK2023/01/16/0005', 44, 255, 30),
(567, 'DOK2023/01/16/0005', 44, 256, 30),
(568, 'DOK2023/01/16/0005', 44, 257, 28),
(569, 'DOK2023/01/16/0005', 44, 258, 28),
(570, 'DOK2023/01/16/0005', 44, 259, 28),
(571, 'DOK2023/01/16/0005', 44, 260, 28),
(572, 'DOK2023/01/16/0005', 45, 261, 28),
(573, 'DOK2023/01/16/0005', 45, 262, 28),
(574, 'DOK2023/01/16/0005', 45, 263, 30),
(575, 'DOK2023/01/16/0005', 45, 264, 28),
(576, 'DOK2023/01/16/0005', 45, 265, 28),
(577, 'DOK2023/01/16/0005', 45, 266, 28),
(578, 'DOK2023/01/16/0005', 45, 267, 28),
(579, 'DOK2023/01/16/0005', 45, 268, 28),
(580, 'DOK2023/01/16/0006', 49, 283, 37),
(581, 'DOK2023/01/16/0006', 49, 284, 37),
(582, 'DOK2023/01/16/0006', 49, 285, 37),
(583, 'DOK2023/01/16/0006', 49, 286, 37),
(584, 'DOK2023/01/16/0006', 49, 287, 37),
(585, 'DOK2023/01/16/0006', 49, 288, 37),
(586, 'DOK2023/01/16/0006', 49, 289, 37),
(587, 'DOK2023/01/16/0007', 44, 252, 28),
(588, 'DOK2023/01/16/0007', 44, 253, 30),
(589, 'DOK2023/01/16/0007', 44, 254, 30),
(590, 'DOK2023/01/16/0007', 44, 255, 30),
(591, 'DOK2023/01/16/0007', 44, 256, 30),
(592, 'DOK2023/01/16/0007', 44, 257, 30),
(593, 'DOK2023/01/16/0007', 44, 258, 30),
(594, 'DOK2023/01/16/0007', 44, 259, 30),
(595, 'DOK2023/01/16/0007', 44, 260, 30),
(596, 'DOK2023/01/16/0007', 45, 261, 30),
(597, 'DOK2023/01/16/0007', 45, 262, 28),
(598, 'DOK2023/01/16/0007', 45, 263, 30),
(599, 'DOK2023/01/16/0007', 45, 264, 30),
(600, 'DOK2023/01/16/0007', 45, 265, 30),
(601, 'DOK2023/01/16/0007', 45, 266, 30),
(602, 'DOK2023/01/16/0007', 45, 267, 30),
(603, 'DOK2023/01/16/0007', 45, 268, 28),
(604, 'DOK2023/01/16/0008', 44, 252, 28),
(605, 'DOK2023/01/16/0008', 44, 253, 30),
(606, 'DOK2023/01/16/0008', 44, 254, 28),
(607, 'DOK2023/01/16/0008', 44, 255, 30),
(608, 'DOK2023/01/16/0008', 44, 256, 30),
(609, 'DOK2023/01/16/0008', 44, 257, 28),
(610, 'DOK2023/01/16/0008', 44, 258, 28),
(611, 'DOK2023/01/16/0008', 44, 259, 28),
(612, 'DOK2023/01/16/0008', 44, 260, 28),
(613, 'DOK2023/01/16/0008', 45, 261, 28),
(614, 'DOK2023/01/16/0008', 45, 262, 28),
(615, 'DOK2023/01/16/0008', 45, 263, 30),
(616, 'DOK2023/01/16/0008', 45, 264, 28),
(617, 'DOK2023/01/16/0008', 45, 265, 28),
(618, 'DOK2023/01/16/0008', 45, 266, 28),
(619, 'DOK2023/01/16/0008', 45, 267, 28),
(620, 'DOK2023/01/16/0008', 45, 268, 28),
(621, 'DOK2023/01/16/0009', 44, 252, 28),
(622, 'DOK2023/01/16/0009', 44, 253, 30),
(623, 'DOK2023/01/16/0009', 44, 254, 29),
(624, 'DOK2023/01/16/0009', 44, 255, 30),
(625, 'DOK2023/01/16/0009', 44, 256, 30),
(626, 'DOK2023/01/16/0009', 44, 257, 30),
(627, 'DOK2023/01/16/0009', 44, 258, 30),
(628, 'DOK2023/01/16/0009', 44, 259, 30),
(629, 'DOK2023/01/16/0009', 44, 260, 30),
(630, 'DOK2023/01/16/0009', 45, 261, 30),
(631, 'DOK2023/01/16/0009', 45, 262, 28),
(632, 'DOK2023/01/16/0009', 45, 263, 30),
(633, 'DOK2023/01/16/0009', 45, 264, 30),
(634, 'DOK2023/01/16/0009', 45, 265, 30),
(635, 'DOK2023/01/16/0009', 45, 266, 29),
(636, 'DOK2023/01/16/0009', 45, 267, 30),
(637, 'DOK2023/01/16/0009', 45, 268, 28),
(638, 'DOK2023/01/16/0010', 44, 252, 28),
(639, 'DOK2023/01/16/0010', 44, 253, 30),
(640, 'DOK2023/01/16/0010', 44, 254, 28),
(641, 'DOK2023/01/16/0010', 44, 255, 30),
(642, 'DOK2023/01/16/0010', 44, 256, 30),
(643, 'DOK2023/01/16/0010', 44, 257, 28),
(644, 'DOK2023/01/16/0010', 44, 258, 28),
(645, 'DOK2023/01/16/0010', 44, 259, 28),
(646, 'DOK2023/01/16/0010', 44, 260, 28),
(647, 'DOK2023/01/16/0010', 45, 261, 28),
(648, 'DOK2023/01/16/0010', 45, 262, 28),
(649, 'DOK2023/01/16/0010', 45, 263, 30),
(650, 'DOK2023/01/16/0010', 45, 264, 28),
(651, 'DOK2023/01/16/0010', 45, 265, 28),
(652, 'DOK2023/01/16/0010', 45, 266, 28),
(653, 'DOK2023/01/16/0010', 45, 267, 28),
(654, 'DOK2023/01/16/0010', 45, 268, 28),
(655, 'DOK2023/01/16/0011', 44, 252, 28),
(656, 'DOK2023/01/16/0011', 44, 253, 30),
(657, 'DOK2023/01/16/0011', 44, 254, 28),
(658, 'DOK2023/01/16/0011', 44, 255, 28),
(659, 'DOK2023/01/16/0011', 44, 256, 30),
(660, 'DOK2023/01/16/0011', 44, 257, 28),
(661, 'DOK2023/01/16/0011', 44, 258, 28),
(662, 'DOK2023/01/16/0011', 44, 259, 28),
(663, 'DOK2023/01/16/0011', 44, 260, 28),
(664, 'DOK2023/01/16/0011', 45, 261, 28),
(665, 'DOK2023/01/16/0011', 45, 262, 28),
(666, 'DOK2023/01/16/0011', 45, 263, 30),
(667, 'DOK2023/01/16/0011', 45, 264, 28),
(668, 'DOK2023/01/16/0011', 45, 265, 30),
(669, 'DOK2023/01/16/0011', 45, 266, 28),
(670, 'DOK2023/01/16/0011', 45, 267, 28),
(671, 'DOK2023/01/16/0011', 45, 268, 28),
(672, 'DOK2023/01/16/0012', 44, 252, 28),
(673, 'DOK2023/01/16/0012', 44, 253, 30),
(674, 'DOK2023/01/16/0012', 44, 254, 30),
(675, 'DOK2023/01/16/0012', 44, 255, 30),
(676, 'DOK2023/01/16/0012', 44, 256, 28),
(677, 'DOK2023/01/16/0012', 44, 257, 28),
(678, 'DOK2023/01/16/0012', 44, 258, 28),
(679, 'DOK2023/01/16/0012', 44, 259, 28),
(680, 'DOK2023/01/16/0012', 44, 260, 28),
(681, 'DOK2023/01/16/0012', 45, 261, 28),
(682, 'DOK2023/01/16/0012', 45, 262, 28),
(683, 'DOK2023/01/16/0012', 45, 263, 30),
(684, 'DOK2023/01/16/0012', 45, 264, 28),
(685, 'DOK2023/01/16/0012', 45, 265, 28),
(686, 'DOK2023/01/16/0012', 45, 266, 28),
(687, 'DOK2023/01/16/0012', 45, 267, 28),
(688, 'DOK2023/01/16/0012', 45, 268, 28),
(689, 'DOK2023/01/16/0013', 42, 243, 25),
(690, 'DOK2023/01/16/0013', 42, 244, 27),
(691, 'DOK2023/01/16/0013', 42, 245, 27),
(692, 'DOK2023/01/16/0013', 42, 246, 25),
(693, 'DOK2023/01/16/0013', 42, 247, 27),
(694, 'DOK2023/01/16/0013', 43, 248, 25),
(695, 'DOK2023/01/16/0013', 43, 249, 27),
(696, 'DOK2023/01/16/0013', 43, 250, 27),
(697, 'DOK2023/01/16/0013', 43, 251, 27),
(698, 'DOK2023/01/16/0014', 8, 32, 7),
(699, 'DOK2023/01/16/0014', 8, 33, 8),
(700, 'DOK2023/01/16/0014', 8, 34, 7),
(701, 'DOK2023/01/16/0014', 8, 35, 7),
(702, 'DOK2023/01/16/0014', 8, 36, 7),
(703, 'DOK2023/01/16/0014', 8, 37, 7),
(704, 'DOK2023/01/16/0014', 8, 38, 7),
(705, 'DOK2023/01/16/0014', 8, 39, 7),
(706, 'DOK2023/01/16/0014', 9, 40, 7),
(707, 'DOK2023/01/16/0014', 9, 41, 7),
(708, 'DOK2023/01/16/0014', 9, 42, 7),
(709, 'DOK2023/01/16/0014', 9, 43, 7),
(710, 'DOK2023/01/16/0014', 9, 44, 7),
(711, 'DOK2023/01/16/0014', 9, 45, 7),
(712, 'DOK2023/01/16/0014', 9, 46, 7),
(713, 'DOK2023/01/16/0014', 9, 47, 7),
(714, 'DOK2023/01/16/0014', 9, 48, 7),
(715, 'DOK2023/01/16/0014', 10, 49, 9),
(716, 'DOK2023/01/16/0014', 10, 50, 9),
(717, 'DOK2023/01/16/0014', 10, 51, 9),
(718, 'DOK2023/01/16/0014', 10, 52, 9),
(719, 'DOK2023/01/16/0014', 10, 53, 9),
(720, 'DOK2023/01/16/0014', 10, 54, 9),
(721, 'DOK2023/01/16/0014', 10, 55, 9),
(722, 'DOK2023/01/16/0014', 10, 56, 9),
(723, 'DOK2023/01/16/0014', 10, 57, 9),
(724, 'DOK2023/01/16/0014', 11, 58, 7),
(725, 'DOK2023/01/16/0014', 11, 59, 7),
(726, 'DOK2023/01/16/0014', 11, 60, 7),
(727, 'DOK2023/01/16/0014', 11, 61, 7),
(728, 'DOK2023/01/16/0014', 11, 62, 7),
(729, 'DOK2023/01/16/0014', 11, 63, 7),
(730, 'DOK2023/01/16/0015', 49, 283, 38),
(731, 'DOK2023/01/16/0015', 49, 284, 37),
(732, 'DOK2023/01/16/0015', 49, 285, 37),
(733, 'DOK2023/01/16/0015', 49, 286, 37),
(734, 'DOK2023/01/16/0015', 49, 287, 37),
(735, 'DOK2023/01/16/0015', 49, 288, 37),
(736, 'DOK2023/01/16/0015', 49, 289, 37);

-- --------------------------------------------------------

--
-- Table structure for table `formulir`
--

CREATE TABLE `formulir` (
  `no_form` varchar(20) NOT NULL,
  `nama_formulir` varchar(200) NOT NULL,
  `tgl_berlaku` date NOT NULL,
  `deskripsi` text DEFAULT NULL,
  `status` int(1) NOT NULL DEFAULT 1,
  `created_at` date NOT NULL DEFAULT current_timestamp(),
  `updated_at` timestamp NOT NULL DEFAULT current_timestamp() ON UPDATE current_timestamp()
) ENGINE=InnoDB DEFAULT CHARSET=utf8mb4;

--
-- Dumping data for table `formulir`
--

INSERT INTO `formulir` (`no_form`, `nama_formulir`, `tgl_berlaku`, `deskripsi`, `status`, `created_at`, `updated_at`) VALUES
('FORM2022/12/07/0001', 'FORMULIR SUPERVISI PERAWATAN ALAT PASIEN DI CSSD', '2022-12-07', '', 1, '2022-12-07', '2022-12-07 16:21:11'),
('FORM2022/12/08/0001', 'AUDIT PENGELOLAAN LIMBAH', '2022-12-08', '', 1, '2022-12-08', '2022-12-07 17:33:37'),
('FORM2022/12/08/0002', 'FORMULIR AUDIT GIZI', '2022-12-08', '', 1, '2022-12-08', '2022-12-08 07:45:26'),
('FORM2022/12/08/0003', 'FORMULIR AUDIT KAMAR JENAZAH', '2022-12-08', '', 1, '2022-12-08', '2022-12-08 09:27:49'),
('FORM2022/12/08/0004', 'FORMULIR KESEHATAN LINGKUNGAN', '2022-12-08', '', 1, '2022-12-08', '2022-12-08 10:09:13'),
('FORM2022/12/08/0005', 'FORMULIR AUDIT LOUNDRY', '2022-12-08', '', 1, '2022-12-08', '2022-12-08 13:37:18'),
('FORM2022/12/09/0001', 'FORMULIR AUDIT FASILITAS HH', '2022-12-09', '', 1, '2022-12-09', '2022-12-09 00:57:25'),
('FORM2022/12/09/0002', 'FORMULIR OBSERVASI KEPATUHAN KEBERSIHAN TANGAN', '2022-12-09', '', 1, '2022-12-09', '2022-12-09 01:05:48'),
('FORM2022/12/09/0003', 'FORMULIR KEPATUHAN PEMAKAIAN APD', '2022-12-09', '', 1, '2022-12-09', '2022-12-09 01:22:39'),
('FORM2022/12/09/0004', 'FORMULIR FASILITAS APD', '2022-12-09', '', 1, '2022-12-09', '2022-12-09 01:29:42'),
('FORM2022/12/09/0005', 'FORMULIR ETIKA BATUK', '2022-12-09', '', 1, '2022-12-09', '2022-12-09 01:37:37'),
('FORM2022/12/09/0006', 'FORMULIR MENYUNTIK AMAN', '2022-12-09', '', 1, '2022-12-09', '2022-12-09 01:45:29'),
('FORM2022/12/09/0007', 'FORMULIR AUDIT PENEMPATAN PASIEN', '2022-12-09', '', 1, '2022-12-09', '2022-12-09 01:59:02'),
('FORM2022/12/09/0008', 'FORMULIR AUDIT TPS', '2022-12-09', '', 1, '2022-12-09', '2022-12-09 02:07:33'),
('FORM2022/12/09/0009', 'FORMULIR AUDIT RUANG ISOLASI AIRBORNE DAN DROPLET', '2022-12-09', '', 1, '2022-12-09', '2022-12-09 02:26:27'),
('FORM2022/12/09/0010', 'FORMULIR SUPERVISI PENGELOLAAN LINEN', '2022-12-09', '', 1, '2022-12-09', '2022-12-09 02:33:31'),
('FORM2022/12/09/0011', 'FORMULIR AUDIT CSSD', '2022-12-09', '', 1, '2022-12-09', '2022-12-09 02:50:08');

-- --------------------------------------------------------

--
-- Table structure for table `indikator_kuisioner`
--

CREATE TABLE `indikator_kuisioner` (
  `id_indikator` int(11) NOT NULL,
  `no_form` varchar(20) DEFAULT NULL,
  `indikator` varchar(255) NOT NULL DEFAULT ' ',
  `status` int(1) NOT NULL DEFAULT 0,
  `created_at` timestamp NOT NULL DEFAULT current_timestamp()
) ENGINE=InnoDB DEFAULT CHARSET=utf8mb4;

--
-- Dumping data for table `indikator_kuisioner`
--

INSERT INTO `indikator_kuisioner` (`id_indikator`, `no_form`, `indikator`, `status`, `created_at`) VALUES
(3, 'FORM2022/12/07/0001', 'Kelayakan Instrumen Pre Pengemasan', 1, '2022-12-07 16:21:11'),
(4, 'FORM2022/12/07/0001', 'PROSES STERILISASI', 1, '2022-12-07 16:21:11'),
(5, 'FORM2022/12/07/0001', 'INDIKATOR MUTU', 1, '2022-12-07 16:21:11'),
(6, 'FORM2022/12/07/0001', 'KELAYAKAN INSTRUMEN POST STERILISASI', 1, '2022-12-07 16:21:11'),
(7, 'FORM2022/12/07/0001', 'RUANG PENYIMPANAN ALAT STERIL', 1, '2022-12-07 16:21:11'),
(8, 'FORM2022/12/08/0001', 'PENGELOLAAN LIMBAH MEDIS', 1, '2022-12-07 17:33:37'),
(9, 'FORM2022/12/08/0001', 'PENGELOLAAN LIMBAH MEDIS TAJAM DAN JARUM', 1, '2022-12-07 17:33:37'),
(10, 'FORM2022/12/08/0001', 'PENGELOLAAN LIMBAH MEDIS TAJAM DAN JARUM', 1, '2022-12-07 17:33:37'),
(11, 'FORM2022/12/08/0001', 'PENGELOLAAN DARAH DAN KOMPONEN DARAH/CAIRAN TUBUH', 1, '2022-12-07 17:33:37'),
(12, 'FORM2022/12/08/0002', 'KEBERSIHAN PERALATAN MAKAN DAN MINUM', 1, '2022-12-08 07:45:26'),
(13, 'FORM2022/12/08/0002', 'CARA PENYIMPANAN MAKANAN ( SANITASI GUDANG)', 1, '2022-12-08 07:45:26'),
(14, 'FORM2022/12/08/0002', 'KEAMANAN DAN KEBERSIHAN GUDANG', 1, '2022-12-08 07:45:26'),
(15, 'FORM2022/12/08/0002', 'TEMPAT  PENGOLAHAN MAKANAN', 1, '2022-12-08 07:45:26'),
(16, 'FORM2022/12/08/0002', 'TENAGA PENGOLAH', 1, '2022-12-08 07:45:26'),
(17, 'FORM2022/12/08/0002', 'PROSES PENGOLAHAN', 1, '2022-12-08 07:45:26'),
(18, 'FORM2022/12/08/0002', 'KEBERSIHAN DAPUR', 1, '2022-12-08 07:45:26'),
(19, 'FORM2022/12/08/0002', 'CARA PENGANGKUTAN MAKANAN', 1, '2022-12-08 07:45:26'),
(20, 'FORM2022/12/08/0002', 'CARA PENYAJIAN MAKANAN', 1, '2022-12-08 07:45:26'),
(21, 'FORM2022/12/08/0003', 'MANAJEMEN LINGKUNGAN', 1, '2022-12-08 09:27:49'),
(22, 'FORM2022/12/08/0003', 'MANAJEMEN LINEN', 1, '2022-12-08 09:27:49'),
(23, 'FORM2022/12/08/0003', 'MANAJEMEN LIMBAH', 1, '2022-12-08 09:27:49'),
(24, 'FORM2022/12/08/0003', 'APD', 1, '2022-12-08 09:27:49'),
(25, 'FORM2022/12/08/0003', 'FASILITAS HH/ KEBERSIHAN TANGAN', 1, '2022-12-08 09:27:49'),
(26, 'FORM2022/12/08/0003', 'MANAJEMEN KAMAR JENASAH', 1, '2022-12-08 09:27:49'),
(27, 'FORM2022/12/08/0004', 'PENYEHATAN AIR', 1, '2022-12-08 10:09:13'),
(28, 'FORM2022/12/08/0004', 'PENYEHATAN UDARA', 1, '2022-12-08 10:09:13'),
(29, 'FORM2022/12/08/0004', 'PENYEHATAN BANGUNAN', 1, '2022-12-08 10:09:13'),
(30, 'FORM2022/12/08/0004', 'PENYEHATAN BEBAS VEKTOR', 1, '2022-12-08 10:09:13'),
(31, 'FORM2022/12/08/0005', 'FASILITAS', 1, '2022-12-08 13:37:18'),
(32, 'FORM2022/12/08/0005', 'ALUR DAN DESIGN LOUNDRY', 1, '2022-12-08 13:37:18'),
(33, 'FORM2022/12/08/0005', 'SISTEM MANAJEMEN', 1, '2022-12-08 13:37:18'),
(34, 'FORM2022/12/08/0005', 'KETERSEDIAAN BHP', 1, '2022-12-08 13:37:18'),
(35, 'FORM2022/12/08/0005', 'KEBERSIHAN LINGKUNGAN', 1, '2022-12-08 13:37:18'),
(36, 'FORM2022/12/08/0005', 'PETUGAS', 1, '2022-12-08 13:37:18'),
(37, 'FORM2022/12/08/0005', 'PENANGANAN LINEN UNTUK MENCEGHA KONTAMINASI SILANG', 1, '2022-12-08 13:37:18'),
(38, 'FORM2022/12/08/0005', 'PROSES PENCUCIAN', 1, '2022-12-08 13:37:18'),
(39, 'FORM2022/12/08/0005', 'PROSES PELIPATAN', 1, '2022-12-08 13:37:18'),
(40, 'FORM2022/12/08/0005', 'DITRIBUSI LINEN', 1, '2022-12-08 13:37:18'),
(41, 'FORM2022/12/09/0001', 'FASILITAS HH/ KEBERSIHAN TANGAN', 0, '2022-12-09 00:57:25'),
(42, 'FORM2022/12/09/0002', 'INDIKASI KEBERSIHAN TANGAN/ HAND HYGIENE', 1, '2022-12-09 01:05:48'),
(43, 'FORM2022/12/09/0002', 'ACTION KEBERIHAN TANGAN', 1, '2022-12-09 01:05:48'),
(44, 'FORM2022/12/09/0003', 'JENIS APD YANG DIGUNAKAN', 1, '2022-12-09 01:22:39'),
(45, 'FORM2022/12/09/0003', 'INDIKASI PEMAKAIAN APD', 1, '2022-12-09 01:22:39'),
(46, 'FORM2022/12/09/0004', 'Apakah  APD TERSEDIA DIUNIT', 1, '2022-12-09 01:29:42'),
(47, 'FORM2022/12/09/0004', 'PENYIMPANAN APD', 1, '2022-12-09 01:29:42'),
(48, 'FORM2022/12/09/0005', 'KETIKA BATUK / BERSIN', 0, '2022-12-09 01:37:37'),
(49, 'FORM2022/12/09/0006', 'APAKAH PETUGAS MELAKUKAN PENYUNTIKAN YANG AMAN DENGAN', 0, '2022-12-09 01:45:29'),
(50, 'FORM2022/12/09/0007', 'PENEMPATAN PASIEN BERDASARKAN TRANSMISI', 1, '2022-12-09 01:59:03'),
(51, 'FORM2022/12/09/0007', 'SAAT TRANSFER PASIEN', 1, '2022-12-09 01:59:03'),
(52, 'FORM2022/12/09/0007', 'SAAT PERAWATAN PASIEN', 1, '2022-12-09 01:59:03'),
(53, 'FORM2022/12/09/0008', 'TRANSPORTASI SAMPAH', 1, '2022-12-09 02:07:33'),
(54, 'FORM2022/12/09/0008', 'AREA TEMPAT  PENAMPUNGAN SAMPAH', 1, '2022-12-09 02:07:33'),
(55, 'FORM2022/12/09/0008', 'FASILITAS HH/ KEBERSIHAN TANGAN', 1, '2022-12-09 02:07:33'),
(56, 'FORM2022/12/09/0008', 'FASILITAS APD', 1, '2022-12-09 02:07:33'),
(57, 'FORM2022/12/09/0008', 'AREA INCENERATOR', 1, '2022-12-09 02:07:33'),
(58, 'FORM2022/12/09/0009', 'PERSIAPAN RUANG ISOLASI', 1, '2022-12-09 02:26:27'),
(59, 'FORM2022/12/09/0009', 'PERUGAS, PASIEN DAN PENGUNJUNG', 1, '2022-12-09 02:26:27'),
(60, 'FORM2022/12/09/0010', 'INDIKATOR MUTU PENGELOLAAN LINEN', 0, '2022-12-09 02:33:31'),
(61, 'FORM2022/12/09/0011', 'ALUR CSSD', 1, '2022-12-09 02:50:08'),
(62, 'FORM2022/12/09/0011', 'PROSES PEMBERSIHAN', 1, '2022-12-09 02:50:08'),
(63, 'FORM2022/12/09/0011', 'PROSES PENGEMASAN DAN LABELLING', 1, '2022-12-09 02:50:08'),
(64, 'FORM2022/12/09/0011', 'PROSES STERILISASI', 1, '2022-12-09 02:50:08'),
(65, 'FORM2022/12/09/0011', 'PENYIMPANAN  ALAT STERIL', 1, '2022-12-09 02:50:08'),
(66, 'FORM2022/12/09/0011', 'PROSES PENDISTRIBUSIAN', 1, '2022-12-09 02:50:08'),
(67, 'FORM2022/12/09/0011', 'FASILITAS LAIN DAN KEBERSIHAN TANGAN', 1, '2022-12-09 02:50:08');

-- --------------------------------------------------------

--
-- Table structure for table `jawaban`
--

CREATE TABLE `jawaban` (
  `id_jawaban` bigint(20) NOT NULL,
  `id_survey` int(11) NOT NULL,
  `id_pertanyaan` int(11) NOT NULL,
  `jawaban` varchar(255) DEFAULT '-',
  `poin` int(11) NOT NULL DEFAULT 0,
  `created_at` timestamp NOT NULL DEFAULT current_timestamp(),
  `updated_at` timestamp NOT NULL DEFAULT current_timestamp() ON UPDATE current_timestamp()
) ENGINE=InnoDB DEFAULT CHARSET=utf8mb4;

-- --------------------------------------------------------

--
-- Table structure for table `kegiatan_survey`
--

CREATE TABLE `kegiatan_survey` (
  `id_kegiatan` int(11) NOT NULL,
  `nama_kegiatan` varchar(200) NOT NULL,
  `tanggal_kegiatan` date NOT NULL,
  `no_form` varchar(20) NOT NULL,
  `kd_dpt` int(11) NOT NULL,
  `id_periode` int(11) NOT NULL DEFAULT 1,
  `pri` int(1) NOT NULL DEFAULT 0,
  `created_at` timestamp NOT NULL DEFAULT current_timestamp(),
  `updated_at` timestamp NOT NULL DEFAULT current_timestamp() ON UPDATE current_timestamp()
) ENGINE=InnoDB DEFAULT CHARSET=utf8mb4;

--
-- Dumping data for table `kegiatan_survey`
--

INSERT INTO `kegiatan_survey` (`id_kegiatan`, `nama_kegiatan`, `tanggal_kegiatan`, `no_form`, `kd_dpt`, `id_periode`, `pri`, `created_at`, `updated_at`) VALUES
(47, 'Audit IGD', '2023-01-13', 'FORM2022/12/09/0003', 16, 1, 1, '2023-01-13 14:03:27', '2023-01-13 14:03:27'),
(48, 'Audit TRIMURTI', '2023-01-13', 'FORM2022/12/09/0003', 21, 1, 1, '2023-01-13 14:04:38', '2023-01-13 14:04:38'),
(49, 'Audit POLIKLINIK', '2023-01-13', 'FORM2022/12/09/0003', 14, 1, 1, '2023-01-13 14:05:24', '2023-01-13 14:05:24'),
(50, 'Audit ICU', '2023-01-13', 'FORM2022/12/09/0003', 15, 1, 1, '2023-01-13 14:06:02', '2023-01-13 14:06:02'),
(51, 'Audit PEMULASARAAN JENAZAH', '2023-01-13', 'FORM2022/12/09/0003', 22, 1, 1, '2023-01-13 14:07:38', '2023-01-13 14:07:38'),
(52, 'Audit CSSD', '2023-01-13', 'FORM2022/12/09/0003', 12, 1, 1, '2023-01-13 14:10:33', '2023-01-13 14:10:33'),
(53, 'Audit PERINA', '2023-01-13', 'FORM2022/12/09/0003', 19, 1, 1, '2023-01-13 14:15:01', '2023-01-13 14:15:01'),
(54, 'Audit GIZI', '2023-01-13', 'FORM2022/12/08/0002', 23, 1, 1, '2023-01-13 14:15:50', '2023-01-13 14:15:50'),
(55, 'AUDIT PPI', '2023-01-13', 'FORM2022/12/09/0002', 3, 1, 0, '2023-01-13 14:17:12', '2023-01-13 14:17:12'),
(56, 'AUDIT PPI', '2023-01-13', 'FORM2022/12/09/0002', 4, 1, 0, '2023-01-13 14:17:12', '2023-01-13 14:17:12'),
(57, 'AUDIT PPI', '2023-01-13', 'FORM2022/12/09/0002', 5, 1, 0, '2023-01-13 14:17:12', '2023-01-13 14:17:12'),
(58, 'AUDIT PPI', '2023-01-13', 'FORM2022/12/09/0002', 6, 1, 0, '2023-01-13 14:17:12', '2023-01-13 14:17:12'),
(59, 'AUDIT PPI', '2023-01-13', 'FORM2022/12/09/0002', 7, 1, 0, '2023-01-13 14:17:12', '2023-01-13 14:17:12'),
(60, 'AUDIT PPI', '2023-01-13', 'FORM2022/12/09/0002', 8, 1, 0, '2023-01-13 14:17:12', '2023-01-13 14:17:12'),
(61, 'AUDIT PPI', '2023-01-13', 'FORM2022/12/09/0002', 9, 1, 0, '2023-01-13 14:17:12', '2023-01-13 14:17:12'),
(62, 'AUDIT PPI', '2023-01-13', 'FORM2022/12/09/0002', 10, 1, 0, '2023-01-13 14:17:12', '2023-01-13 14:17:12'),
(63, 'AUDIT PPI', '2023-01-13', 'FORM2022/12/09/0002', 11, 1, 0, '2023-01-13 14:17:12', '2023-01-13 14:17:12'),
(64, 'AUDIT PPI', '2023-01-13', 'FORM2022/12/09/0002', 12, 1, 0, '2023-01-13 14:17:12', '2023-01-13 14:17:12'),
(65, 'AUDIT PPI', '2023-01-13', 'FORM2022/12/09/0002', 13, 1, 0, '2023-01-13 14:17:12', '2023-01-13 14:17:12'),
(66, 'AUDIT PPI', '2023-01-13', 'FORM2022/12/09/0002', 14, 1, 0, '2023-01-13 14:17:12', '2023-01-13 14:17:12'),
(67, 'AUDIT PPI', '2023-01-13', 'FORM2022/12/09/0002', 15, 1, 0, '2023-01-13 14:17:12', '2023-01-13 14:17:12'),
(68, 'AUDIT PPI', '2023-01-13', 'FORM2022/12/09/0002', 16, 1, 0, '2023-01-13 14:17:12', '2023-01-13 14:17:12'),
(69, 'AUDIT PPI', '2023-01-13', 'FORM2022/12/09/0002', 17, 1, 0, '2023-01-13 14:17:12', '2023-01-13 14:17:12'),
(70, 'AUDIT PPI', '2023-01-13', 'FORM2022/12/09/0002', 18, 1, 0, '2023-01-13 14:17:12', '2023-01-13 14:17:12'),
(71, 'AUDIT PPI', '2023-01-13', 'FORM2022/12/09/0002', 19, 1, 0, '2023-01-13 14:17:12', '2023-01-13 14:17:12'),
(72, 'AUDIT PPI', '2023-01-13', 'FORM2022/12/09/0002', 20, 1, 0, '2023-01-13 14:17:12', '2023-01-13 14:17:12'),
(73, 'AUDIT PPI', '2023-01-13', 'FORM2022/12/09/0002', 21, 1, 0, '2023-01-13 14:17:12', '2023-01-13 14:17:12'),
(74, 'AUDIT PPI', '2023-01-13', 'FORM2022/12/09/0002', 22, 1, 0, '2023-01-13 14:17:12', '2023-01-13 14:17:12'),
(75, 'AUDIT PPI', '2023-01-13', 'FORM2022/12/09/0002', 23, 1, 0, '2023-01-13 14:17:12', '2023-01-13 14:17:12'),
(76, 'AUDIT PPI', '2023-01-13', 'FORM2022/12/09/0003', 3, 1, 0, '2023-01-13 14:17:51', '2023-01-13 14:17:51'),
(77, 'AUDIT PPI', '2023-01-13', 'FORM2022/12/09/0003', 4, 1, 0, '2023-01-13 14:17:51', '2023-01-13 14:17:51'),
(78, 'AUDIT PPI', '2023-01-13', 'FORM2022/12/09/0003', 5, 1, 0, '2023-01-13 14:17:51', '2023-01-13 14:17:51'),
(79, 'AUDIT PPI', '2023-01-13', 'FORM2022/12/09/0003', 6, 1, 0, '2023-01-13 14:17:51', '2023-01-13 14:17:51'),
(80, 'AUDIT PPI', '2023-01-13', 'FORM2022/12/09/0003', 7, 1, 0, '2023-01-13 14:17:51', '2023-01-13 14:17:51'),
(81, 'AUDIT PPI', '2023-01-13', 'FORM2022/12/09/0003', 8, 1, 0, '2023-01-13 14:17:51', '2023-01-13 14:17:51'),
(82, 'AUDIT PPI', '2023-01-13', 'FORM2022/12/09/0003', 9, 1, 0, '2023-01-13 14:17:51', '2023-01-13 14:17:51'),
(83, 'AUDIT PPI', '2023-01-13', 'FORM2022/12/09/0003', 10, 1, 0, '2023-01-13 14:17:51', '2023-01-13 14:17:51'),
(84, 'AUDIT PPI', '2023-01-13', 'FORM2022/12/09/0003', 11, 1, 0, '2023-01-13 14:17:51', '2023-01-13 14:17:51'),
(85, 'AUDIT PPI', '2023-01-13', 'FORM2022/12/09/0003', 12, 1, 0, '2023-01-13 14:17:51', '2023-01-13 14:17:51'),
(86, 'AUDIT PPI', '2023-01-13', 'FORM2022/12/09/0003', 13, 1, 0, '2023-01-13 14:17:51', '2023-01-13 14:17:51'),
(87, 'AUDIT PPI', '2023-01-13', 'FORM2022/12/09/0003', 14, 1, 0, '2023-01-13 14:17:51', '2023-01-13 14:17:51'),
(88, 'AUDIT PPI', '2023-01-13', 'FORM2022/12/09/0003', 15, 1, 0, '2023-01-13 14:17:51', '2023-01-13 14:17:51'),
(89, 'AUDIT PPI', '2023-01-13', 'FORM2022/12/09/0003', 16, 1, 0, '2023-01-13 14:17:51', '2023-01-13 14:17:51'),
(90, 'AUDIT PPI', '2023-01-13', 'FORM2022/12/09/0003', 17, 1, 0, '2023-01-13 14:17:51', '2023-01-13 14:17:51'),
(91, 'AUDIT PPI', '2023-01-13', 'FORM2022/12/09/0003', 18, 1, 0, '2023-01-13 14:17:51', '2023-01-13 14:17:51'),
(92, 'AUDIT PPI', '2023-01-13', 'FORM2022/12/09/0003', 19, 1, 0, '2023-01-13 14:17:51', '2023-01-13 14:17:51'),
(93, 'AUDIT PPI', '2023-01-13', 'FORM2022/12/09/0003', 20, 1, 0, '2023-01-13 14:17:51', '2023-01-13 14:17:51'),
(94, 'AUDIT PPI', '2023-01-13', 'FORM2022/12/09/0003', 21, 1, 0, '2023-01-13 14:17:51', '2023-01-13 14:17:51'),
(95, 'AUDIT PPI', '2023-01-13', 'FORM2022/12/09/0003', 22, 1, 0, '2023-01-13 14:17:51', '2023-01-13 14:17:51'),
(96, 'AUDIT PPI', '2023-01-13', 'FORM2022/12/09/0003', 23, 1, 0, '2023-01-13 14:17:51', '2023-01-13 14:17:51'),
(97, 'Audit CSSD', '2023-01-13', 'FORM2022/12/07/0001', 12, 1, 1, '2023-01-13 14:18:43', '2023-01-13 14:27:13'),
(98, 'Audit IPSRS', '2023-01-13', 'FORM2022/12/09/0003', 17, 1, 1, '2023-01-13 14:19:46', '2023-01-13 14:19:46'),
(99, 'AUDIT KESLING', '2023-01-13', 'FORM2022/12/08/0001', 18, 1, 1, '2023-01-13 14:23:11', '2023-01-13 14:23:11'),
(100, 'AUDIT IGD', '2023-01-13', 'FORM2022/12/09/0006', 16, 1, 1, '2023-01-13 14:26:07', '2023-01-13 14:26:07'),
(101, 'AUDIT ICU', '2023-01-16', 'FORM2022/12/08/0001', 15, 1, 1, '2023-01-16 07:52:54', '2023-01-16 07:52:54'),
(102, 'ICU', '2023-01-16', 'FORM2022/12/09/0006', 15, 1, 1, '2023-01-16 07:58:09', '2023-01-16 07:58:09'),
(103, 'Audit CSSD', '2023-01-19', 'FORM2022/12/08/0001', 12, 1, 1, '2023-01-19 04:13:29', '2023-01-19 04:13:29'),
(104, 'Audit CSSD', '2023-01-19', 'FORM2022/12/09/0001', 12, 1, 1, '2023-01-19 04:14:23', '2023-01-19 04:14:23'),
(105, 'Audit CSSD', '2023-01-19', 'FORM2022/12/08/0004', 12, 1, 1, '2023-01-19 04:35:09', '2023-01-19 04:35:09'),
(106, 'Audit CSSD', '2023-01-19', 'FORM2022/12/09/0002', 12, 1, 1, '2023-01-19 04:41:15', '2023-01-19 04:41:15'),
(107, 'Audit CSSD', '2023-01-19', 'FORM2022/12/09/0004', 12, 1, 1, '2023-01-19 04:41:52', '2023-01-19 04:41:52'),
(108, 'Audit CSSD', '2023-01-19', 'FORM2022/12/09/0005', 12, 1, 1, '2023-01-19 07:18:11', '2023-01-19 07:18:11'),
(109, 'Audit CSSD', '2023-01-19', 'FORM2022/12/09/0008', 12, 1, 1, '2023-01-19 07:18:47', '2023-01-19 07:18:47'),
(110, 'Audit POLIKLINIK', '2023-01-19', 'FORM2022/12/08/0001', 14, 1, 1, '2023-01-19 07:21:30', '2023-01-19 07:21:30'),
(111, 'Audit POLIKLINIK', '2023-01-19', 'FORM2022/12/09/0001', 14, 1, 1, '2023-01-19 07:22:39', '2023-01-19 07:22:39'),
(112, 'Audit POLIKLINIK', '2023-01-19', 'FORM2022/12/09/0002', 14, 1, 1, '2023-01-19 07:24:13', '2023-01-19 07:24:13'),
(113, 'Audit POLIKLINIK', '2023-01-19', 'FORM2022/12/09/0004', 14, 1, 1, '2023-01-19 07:25:11', '2023-01-19 07:25:11'),
(114, 'Audit POLIKLINIK', '2023-01-19', 'FORM2022/12/09/0005', 14, 1, 1, '2023-01-19 07:25:39', '2023-01-19 07:25:39'),
(115, 'Audit POLIKLINIK', '2023-01-19', 'FORM2022/12/09/0006', 14, 1, 1, '2023-01-19 07:25:57', '2023-01-19 07:25:57'),
(116, 'Audit POLIKLINIK', '2023-01-19', 'FORM2022/12/09/0007', 14, 1, 1, '2023-01-19 07:26:36', '2023-01-19 07:26:36'),
(117, 'Audit POLIKLINIK', '2023-01-19', 'FORM2022/12/09/0008', 14, 1, 1, '2023-01-19 07:26:54', '2023-01-19 07:26:54'),
(118, 'Audit ICU', '2023-01-19', 'FORM2022/12/08/0004', 15, 1, 1, '2023-01-19 07:27:56', '2023-01-19 07:27:56'),
(119, 'Audit ICU', '2023-01-19', 'FORM2022/12/09/0004', 15, 1, 1, '2023-01-19 07:29:03', '2023-01-19 07:29:03'),
(120, 'Audit ICU', '2023-01-19', 'FORM2022/12/09/0005', 15, 1, 1, '2023-01-19 07:29:28', '2023-01-19 07:29:28'),
(121, 'Audit ICU', '2023-01-19', 'FORM2022/12/09/0007', 15, 1, 1, '2023-01-19 07:30:02', '2023-01-19 07:30:02'),
(122, 'Audit ICU', '2023-01-19', 'FORM2022/12/09/0008', 10, 1, 1, '2023-01-19 07:30:21', '2023-01-19 07:30:21'),
(123, 'Audit ICU', '2023-01-19', 'FORM2022/12/09/0008', 12, 1, 1, '2023-01-19 07:30:21', '2023-01-19 07:30:21'),
(124, 'Audit ICU', '2023-01-19', 'FORM2022/12/09/0008', 13, 1, 1, '2023-01-19 07:30:21', '2023-01-19 07:30:21'),
(125, 'Audit ICU', '2023-01-19', 'FORM2022/12/09/0008', 14, 1, 1, '2023-01-19 07:30:21', '2023-01-19 07:30:21'),
(126, 'Audit ICU', '2023-01-19', 'FORM2022/12/09/0008', 15, 1, 1, '2023-01-19 07:30:21', '2023-01-19 07:30:21'),
(127, 'Audit ICU', '2023-01-19', 'FORM2022/12/09/0008', 16, 1, 1, '2023-01-19 07:30:21', '2023-01-19 07:30:21'),
(128, 'Audit ICU', '2023-01-19', 'FORM2022/12/09/0008', 17, 1, 1, '2023-01-19 07:30:21', '2023-01-19 07:30:21'),
(129, 'Audit ICU', '2023-01-19', 'FORM2022/12/09/0008', 18, 1, 1, '2023-01-19 07:30:21', '2023-01-19 07:30:21'),
(130, 'Audit ICU', '2023-01-19', 'FORM2022/12/09/0008', 19, 1, 1, '2023-01-19 07:30:21', '2023-01-19 07:30:21'),
(131, 'Audit ICU', '2023-01-19', 'FORM2022/12/09/0008', 20, 1, 1, '2023-01-19 07:30:21', '2023-01-19 07:30:21'),
(132, 'Audit ICU', '2023-01-19', 'FORM2022/12/09/0008', 21, 1, 1, '2023-01-19 07:30:21', '2023-01-19 07:30:21'),
(133, 'Audit ICU', '2023-01-19', 'FORM2022/12/09/0008', 22, 1, 1, '2023-01-19 07:30:21', '2023-01-19 07:30:21'),
(134, 'Audit ICU', '2023-01-19', 'FORM2022/12/09/0008', 23, 1, 1, '2023-01-19 07:30:21', '2023-01-19 07:30:21'),
(135, 'Audit ICU', '2023-01-19', 'FORM2022/12/09/0008', 24, 1, 1, '2023-01-19 07:30:21', '2023-01-19 07:30:21'),
(136, 'Audit ICU', '2023-01-19', 'FORM2022/12/09/0009', 15, 1, 1, '2023-01-19 07:45:36', '2023-01-19 07:45:36'),
(137, 'Audit ICU', '2023-01-19', 'FORM2022/12/09/0010', 15, 1, 1, '2023-01-19 07:45:58', '2023-01-19 07:45:58');

-- --------------------------------------------------------

--
-- Table structure for table `kuisioner`
--

CREATE TABLE `kuisioner` (
  `id_kuisioner` bigint(20) NOT NULL,
  `no_form` varchar(20) NOT NULL,
  `id_indikator` int(11) NOT NULL,
  `pertanyaan` text NOT NULL,
  `created_at` timestamp NOT NULL DEFAULT current_timestamp(),
  `label` varchar(200) NOT NULL
) ENGINE=InnoDB DEFAULT CHARSET=utf8mb4;

--
-- Dumping data for table `kuisioner`
--

INSERT INTO `kuisioner` (`id_kuisioner`, `no_form`, `id_indikator`, `pertanyaan`, `created_at`, `label`) VALUES
(6, 'FORM2022/12/07/0001', 3, 'Alat sudah bersih tidak ada darah', '2022-12-07 16:21:11', '-'),
(7, 'FORM2022/12/07/0001', 3, 'Alat tidak ada karat', '2022-12-07 16:21:11', '-'),
(8, 'FORM2022/12/07/0001', 3, 'Alat tidak ada yang tumpul', '2022-12-07 16:21:11', '-'),
(9, 'FORM2022/12/07/0001', 3, 'Alat tidak ada yang patah', '2022-12-07 16:21:11', '-'),
(10, 'FORM2022/12/07/0001', 3, 'Alat tidak ada yang tidak bisa menjepit', '2022-12-07 16:21:11', '-'),
(11, 'FORM2022/12/07/0001', 4, 'Pemanasan', '2022-12-07 16:21:11', '-'),
(12, 'FORM2022/12/07/0001', 4, 'Mulai', '2022-12-07 16:21:11', '-'),
(13, 'FORM2022/12/07/0001', 4, 'Selesai', '2022-12-07 16:21:11', '-'),
(14, 'FORM2022/12/07/0001', 4, 'Suhu', '2022-12-07 16:21:11', '-'),
(15, 'FORM2022/12/07/0001', 4, 'Tekanan Chamber', '2022-12-07 16:21:11', '-'),
(16, 'FORM2022/12/07/0001', 4, 'Water Suplay', '2022-12-07 16:21:11', '-'),
(17, 'FORM2022/12/07/0001', 4, 'Vacum', '2022-12-07 16:21:11', '-'),
(18, 'FORM2022/12/07/0001', 5, 'Bowiedick', '2022-12-07 16:21:11', '-'),
(19, 'FORM2022/12/07/0001', 5, 'Biological Test', '2022-12-07 16:21:11', '-'),
(20, 'FORM2022/12/07/0001', 5, 'Indikator Internal', '2022-12-07 16:21:11', '-'),
(21, 'FORM2022/12/07/0001', 5, 'Kemasan tidak terbuka', '2022-12-07 16:21:11', '-'),
(22, 'FORM2022/12/07/0001', 5, 'Ikatan tidak putus', '2022-12-07 16:21:11', '-'),
(23, 'FORM2022/12/07/0001', 6, 'Ikatan kemasan tidak lepas', '2022-12-07 16:21:11', '-'),
(24, 'FORM2022/12/07/0001', 6, 'Kemasan tidak terbuka', '2022-12-07 16:21:11', '-'),
(25, 'FORM2022/12/07/0001', 6, 'Kemasan tidak basah', '2022-12-07 16:21:11', '-'),
(26, 'FORM2022/12/07/0001', 6, 'Suhu 18-23°C ', '2022-12-07 16:21:11', '-'),
(27, 'FORM2022/12/07/0001', 6, 'Kelembapan 37-75°%', '2022-12-07 16:21:11', '-'),
(28, 'FORM2022/12/07/0001', 7, 'Ruang tekanan positif', '2022-12-07 16:21:11', '-'),
(29, 'FORM2022/12/07/0001', 7, 'Ruangan diukur suhu dan kelembapan', '2022-12-07 16:21:11', '-'),
(30, 'FORM2022/12/07/0001', 7, 'Ada ceklist pementauan suhu,tekanan dan kelembapan', '2022-12-07 16:21:11', '-'),
(31, 'FORM2022/12/07/0001', 7, 'Akses terbatas', '2022-12-07 16:21:11', '-'),
(32, 'FORM2022/12/08/0001', 8, 'Tersedia tempat sampah medis dengan kantong plastik warna kuning', '2022-12-07 17:33:37', '-'),
(33, 'FORM2022/12/08/0001', 8, 'Tersedia tempat sampah non medis dengan kantong plastik warna hitam', '2022-12-07 17:33:37', '-'),
(34, 'FORM2022/12/08/0001', 8, 'Semua tempat sampah medis ada lebel', '2022-12-07 17:33:37', '-'),
(35, 'FORM2022/12/08/0001', 8, 'Tempat sampah isi tidak lebih 3/4 penuh', '2022-12-07 17:33:37', '-'),
(36, 'FORM2022/12/08/0001', 8, 'Tempat pembuangan sampah tertutup', '2022-12-07 17:33:37', '-'),
(37, 'FORM2022/12/08/0001', 8, 'Sampah infeksius dan non infeksius dipisahkan', '2022-12-07 17:33:37', '-'),
(38, 'FORM2022/12/08/0001', 8, 'Sampah ditampung di TPS RS tidak lebih 3 hari', '2022-12-07 17:33:37', '-'),
(39, 'FORM2022/12/08/0001', 8, 'Setiap hari sampah diambil dari unit setiap hari kemudian ditampung diTPS', '2022-12-07 17:33:37', '-'),
(40, 'FORM2022/12/08/0001', 9, 'Tersedia tempat sampah medis tajam tahan tusuk,tidak bocor', '2022-12-07 17:33:37', '-'),
(41, 'FORM2022/12/08/0001', 9, 'Ada lebel untuk pembuangan limbah tajam dan jarum', '2022-12-07 17:33:37', '-'),
(42, 'FORM2022/12/08/0001', 9, 'Isi limbah tidak lebih 3/4 penuh dan tidak lebih 3 hari sudah diambil', '2022-12-07 17:33:37', '-'),
(43, 'FORM2022/12/08/0001', 9, 'Tidak ada limbah medis keluar dari tempatnya', '2022-12-07 17:33:37', '-'),
(44, 'FORM2022/12/08/0001', 9, 'Limbah benda tajam diletakkan ditempat ditempat yang aman', '2022-12-07 17:33:37', '-'),
(45, 'FORM2022/12/08/0001', 9, 'Petugas menggunakan troly khusus,memakai APD yang sesuai', '2022-12-07 17:33:37', '-'),
(46, 'FORM2022/12/08/0001', 9, 'Petugas yang menangani limbah sudah mendapatkan pelatihan', '2022-12-07 17:33:37', '-'),
(47, 'FORM2022/12/08/0001', 9, 'Tidak melakukan recapping dengan 2 tangan', '2022-12-07 17:33:37', '-'),
(48, 'FORM2022/12/08/0001', 9, 'Selalu membuang sendiri limbah benda tajam', '2022-12-07 17:33:37', '-'),
(49, 'FORM2022/12/08/0001', 10, 'Petugas yang menangani menggunakan apd', '2022-12-07 17:33:37', '-'),
(50, 'FORM2022/12/08/0001', 10, 'Ada lebel untuk pembuangan limbah tajam dan jarum', '2022-12-07 17:33:37', '-'),
(51, 'FORM2022/12/08/0001', 10, 'Isi limbah tidak lebih 3/4 penuh dan tidak lebih 3 hari sudah diambil', '2022-12-07 17:33:37', '-'),
(52, 'FORM2022/12/08/0001', 10, 'Tidak ada limbah medis keluar dari tempatnya', '2022-12-07 17:33:37', '-'),
(53, 'FORM2022/12/08/0001', 10, 'Limbah benda tajam diletakkan ditempat yang aman', '2022-12-07 17:33:37', '-'),
(54, 'FORM2022/12/08/0001', 10, 'Petugas menggunakan troly khusus, memakai APD yang sesuai', '2022-12-07 17:33:37', '-'),
(55, 'FORM2022/12/08/0001', 10, 'Petugas yang menangani limbah sudah mendapatkan pelatihan', '2022-12-07 17:33:37', '-'),
(56, 'FORM2022/12/08/0001', 10, 'Tidak melakukan recapping dengan 2 tangan', '2022-12-07 17:33:37', '-'),
(57, 'FORM2022/12/08/0001', 10, 'Selalu membuang sendiri limbah benda tajam', '2022-12-07 17:33:37', '-'),
(58, 'FORM2022/12/08/0001', 11, 'Petugas yang menangani menggunakan APD', '2022-12-07 17:33:37', '-'),
(59, 'FORM2022/12/08/0001', 11, 'Limbah cair yang bercampur darah dan cairan tubuh dibuang di spoelhock', '2022-12-07 17:33:37', '-'),
(60, 'FORM2022/12/08/0001', 11, 'Jika system pembuangan tidak tersedia, jangan membuang disaluran terbuka', '2022-12-07 17:33:37', '-'),
(61, 'FORM2022/12/08/0001', 11, 'Wadah tempat sampah cair dilakukan dekontaminasi dengan cairan desinfektan', '2022-12-07 17:33:37', '-'),
(62, 'FORM2022/12/08/0001', 11, 'Lepaskan sarung tangan', '2022-12-07 17:33:37', '-'),
(63, 'FORM2022/12/08/0001', 11, 'Lakukan kebersihan tangan', '2022-12-07 17:33:37', '-'),
(64, 'FORM2022/12/08/0002', 12, 'Pencucian alat secara manual', '2022-12-08 07:45:26', '-'),
(65, 'FORM2022/12/08/0002', 12, 'Bak I pencucian dengan air hangat suhu 65-50  0 C', '2022-12-08 07:45:26', '-'),
(66, 'FORM2022/12/08/0002', 12, 'Bak II Pembilasan dengan air hangat 76 0 C', '2022-12-08 07:45:26', '-'),
(67, 'FORM2022/12/08/0002', 12, 'Bak III pembilasan terakhir , berisi air hangat suhu 82 0 C', '2022-12-08 07:45:26', '-'),
(68, 'FORM2022/12/08/0002', 13, 'Barang yang disimpan mudah diambil dan mudah untuk disimpan kembali ', '2022-12-08 07:45:26', '-'),
(69, 'FORM2022/12/08/0002', 13, 'Ada rotasi penyimpanan dengan sistem FIFO', '2022-12-08 07:45:26', '-'),
(70, 'FORM2022/12/08/0002', 13, 'Tidak ada barang kadaluwarsa', '2022-12-08 07:45:26', '-'),
(71, 'FORM2022/12/08/0002', 14, 'Bebas binatang serangga, kecoa, lalat, semut, tikus , nyamuk', '2022-12-08 07:45:26', '-'),
(72, 'FORM2022/12/08/0002', 14, 'Tinggi rak dari permukaan  lantai minimal 30 cm', '2022-12-08 07:45:26', '-'),
(73, 'FORM2022/12/08/0002', 14, 'Jarak antara penyimpanan paling atas  dengan langit langit 60 cm', '2022-12-08 07:45:26', '-'),
(74, 'FORM2022/12/08/0002', 14, 'Jarak penyimpanan dari dinding minimal 15 Cm ', '2022-12-08 07:45:26', '-'),
(75, 'FORM2022/12/08/0002', 15, 'Air memenuhi  syarat air minum, tidak terkontaminasi', '2022-12-08 07:45:26', '-'),
(76, 'FORM2022/12/08/0002', 15, 'Pembuangan air kotor lancar dan tertutup', '2022-12-08 07:45:26', '-'),
(77, 'FORM2022/12/08/0002', 15, 'Tempat sampah tertutup dan  dioperasionalkan dengan pedal', '2022-12-08 07:45:26', '-'),
(78, 'FORM2022/12/08/0002', 15, 'Bebas dari serangga dan binatang lainnya', '2022-12-08 07:45:26', '-'),
(79, 'FORM2022/12/08/0002', 16, 'Kebersihan perorangan baik, selalu mencuci tangan sebelum menjamah makanan', '2022-12-08 07:45:26', '-'),
(80, 'FORM2022/12/08/0002', 16, 'Memakai penutup kepala', '2022-12-08 07:45:26', '-'),
(81, 'FORM2022/12/08/0002', 16, 'Memakai masker', '2022-12-08 07:45:26', '-'),
(82, 'FORM2022/12/08/0002', 16, 'Memakai celemek', '2022-12-08 07:45:26', '-'),
(83, 'FORM2022/12/08/0002', 16, 'Menggunakan alas kaki bagian depan tertutup', '2022-12-08 07:45:26', '-'),
(84, 'FORM2022/12/08/0002', 16, 'Berkuku pendek', '2022-12-08 07:45:26', '-'),
(85, 'FORM2022/12/08/0002', 16, 'Tidak memakai perhiasan tangan', '2022-12-08 07:45:26', '-'),
(86, 'FORM2022/12/08/0002', 16, 'Menjamah makanan matangb, menggunakan alat, ( penjepit, garpu, sarung tangan plastik)', '2022-12-08 07:45:26', '-'),
(87, 'FORM2022/12/08/0002', 17, 'Cara pengolahan makanan yang bersih', '2022-12-08 07:45:26', '-'),
(88, 'FORM2022/12/08/0002', 17, 'Bahan makanan yang diolah sesuai spesifikasi', '2022-12-08 07:45:26', '-'),
(89, 'FORM2022/12/08/0002', 17, 'Tempat persiapan , meja peracikan , ', '2022-12-08 07:45:26', '-'),
(90, 'FORM2022/12/08/0002', 17, 'Peralatan Pengolahan tidak dicampurkan  cara penggunaanya', '2022-12-08 07:45:26', '-'),
(91, 'FORM2022/12/08/0002', 18, 'Lantai bersih dari debu dan  sampah', '2022-12-08 07:45:26', '-'),
(92, 'FORM2022/12/08/0002', 18, 'Permukaan lingkungan bersih/ tidak berdebu', '2022-12-08 07:45:26', '-'),
(93, 'FORM2022/12/08/0002', 18, 'Lawa - lawa tidak ada', '2022-12-08 07:45:26', '-'),
(94, 'FORM2022/12/08/0002', 18, 'Lantai kering dan tidak licin', '2022-12-08 07:45:26', '-'),
(95, 'FORM2022/12/08/0002', 19, 'Sesuai bahan makanan', '2022-12-08 07:45:26', '-'),
(96, 'FORM2022/12/08/0002', 19, 'Sesuai suhu', '2022-12-08 07:45:26', '-'),
(97, 'FORM2022/12/08/0002', 19, 'Isi lemari pendingin tidak penuh sesak dan tidak sering buka tutup', '2022-12-08 07:45:26', '-'),
(98, 'FORM2022/12/08/0002', 19, 'Ada form pemantauan suhu', '2022-12-08 07:45:26', '-'),
(99, 'FORM2022/12/08/0002', 19, 'Diisi  secara rutin', '2022-12-08 07:45:26', '-'),
(100, 'FORM2022/12/08/0002', 20, 'Kebersihan alat dan tempat dilokasi penyajian baik', '2022-12-08 07:45:26', '-'),
(101, 'FORM2022/12/08/0002', 20, 'Hygiene perorangan baik', '2022-12-08 07:45:26', '-'),
(102, 'FORM2022/12/08/0002', 20, 'Teknik pelayanan ramah, sopan, menghormati', '2022-12-08 07:45:26', '-'),
(103, 'FORM2022/12/08/0002', 20, 'Tekhnik penyajian baik, makanan ditutup warab ', '2022-12-08 07:45:26', '-'),
(104, 'FORM2022/12/08/0003', 21, 'Perabot , meja, almari, kursi dll bersih tidak ada debu', '2022-12-08 09:27:49', '-'),
(105, 'FORM2022/12/08/0003', 21, 'Plafon dinding tidak berjamur', '2022-12-08 09:27:49', '-'),
(106, 'FORM2022/12/08/0003', 21, 'Tidak ada lawa lawa disudut ruangan', '2022-12-08 09:27:49', '-'),
(107, 'FORM2022/12/08/0003', 21, 'Lantai bersih, kering danntidak licin', '2022-12-08 09:27:49', '-'),
(108, 'FORM2022/12/08/0003', 21, 'Jendela, kaca bersih', '2022-12-08 09:27:49', '-'),
(109, 'FORM2022/12/08/0003', 21, 'Peralatan tertata rapi , bersih dan kering', '2022-12-08 09:27:49', '-'),
(110, 'FORM2022/12/08/0003', 21, 'Suhu ruangan 21-24 0 C', '2022-12-08 09:27:49', '-'),
(111, 'FORM2022/12/08/0003', 21, 'Tidak terdapat vektor, misal lalat, kecoa, dan kicing', '2022-12-08 09:27:49', '-'),
(112, 'FORM2022/12/08/0003', 22, 'Pemilahan linen infeksius dan non infeksius', '2022-12-08 09:27:49', '-'),
(113, 'FORM2022/12/08/0003', 22, 'Pelabelan linen', '2022-12-08 09:27:49', '-'),
(114, 'FORM2022/12/08/0003', 23, 'Tersedia tempat sampah sesuai kebutuhan ( infeksius, non infeksius dan benda tajam)', '2022-12-08 09:27:49', '-'),
(115, 'FORM2022/12/08/0003', 23, 'Tempat sampah kondisi bersih,  dan dilapisi kantong plastik sesuai dengan jenis limbah', '2022-12-08 09:27:49', '-'),
(116, 'FORM2022/12/08/0003', 23, 'Pembuangan sampah sesuai jenis sampah', '2022-12-08 09:27:49', '-'),
(117, 'FORM2022/12/08/0003', 23, 'Saluran pembuangan limbah tertutup dan tidak bau', '2022-12-08 09:27:49', '-'),
(118, 'FORM2022/12/08/0003', 23, 'Ada spilkit', '2022-12-08 09:27:49', '-'),
(119, 'FORM2022/12/08/0003', 24, 'Tersedia APD lengkap', '2022-12-08 09:27:49', '-'),
(120, 'FORM2022/12/08/0003', 24, 'Petugas menggunakan APD lengkap saat melakukan tindakan', '2022-12-08 09:27:49', '-'),
(121, 'FORM2022/12/08/0003', 24, 'Cara memakai APD benar', '2022-12-08 09:27:49', '-'),
(122, 'FORM2022/12/08/0003', 24, 'APD yang nondisposible dibersihkan setelah dipakai', '2022-12-08 09:27:49', '-'),
(123, 'FORM2022/12/08/0003', 25, 'Ada wastafel dengan air mengalir', '2022-12-08 09:27:49', '-'),
(124, 'FORM2022/12/08/0003', 25, 'Ada Handrub yang tidak ED', '2022-12-08 09:27:49', '-'),
(125, 'FORM2022/12/08/0003', 25, 'Semua Fasilitas berfungsi dengan  baik.', '2022-12-08 09:27:49', '-'),
(126, 'FORM2022/12/08/0003', 26, 'Lemari pendingin( Penyimpanan jenasah bersih dan berfungsi dengan baik)lembar monitoring suhu terisi lengkap dan suhu sesuai', '2022-12-08 09:27:49', '-'),
(127, 'FORM2022/12/08/0003', 26, 'Tersedia peralatan memandikan( sabun , minyak wangi, kapas, klorin 0,5 %,', '2022-12-08 09:27:49', '-'),
(128, 'FORM2022/12/08/0003', 26, 'Ruangan terpisah antara memandikan , mengkafani, menyimpan jenasah)', '2022-12-08 09:27:49', '-'),
(129, 'FORM2022/12/08/0003', 26, 'Keranda dalam kondisi bersih dan dicuci selesai digunakan', '2022-12-08 09:27:49', '-'),
(130, 'FORM2022/12/08/0004', 27, 'Pemeriksaan air untuk parameter biologi 1x/  bulan', '2022-12-08 10:09:13', '-'),
(131, 'FORM2022/12/08/0004', 27, 'Ruang CSSD menggunakan air RO', '2022-12-08 10:09:13', '-'),
(132, 'FORM2022/12/08/0004', 27, 'Pembersihan Berkala dan Pemeliharaan Berkala', '2022-12-08 10:09:13', '-'),
(133, 'FORM2022/12/08/0004', 27, 'Pembersihan  dan desinfeksi sink , penampungan air secara berkala', '2022-12-08 10:09:13', '-'),
(134, 'FORM2022/12/08/0004', 27, 'Melakukan evaluasi sumber air', '2022-12-08 10:09:13', '-'),
(135, 'FORM2022/12/08/0004', 27, 'Menghindari dekorasi air mancur dan kolam ikan diarea perawatan pasien', '2022-12-08 10:09:13', '-'),
(136, 'FORM2022/12/08/0004', 27, 'Pemeriksaan kimia air 2x/ tahun', '2022-12-08 10:09:13', '-'),
(137, 'FORM2022/12/08/0004', 27, 'Sumber air tidak terkontaminasi', '2022-12-08 10:09:13', '-'),
(138, 'FORM2022/12/08/0004', 27, 'Pemeriksaan air untuk parameter kimia dilaksanakan setiap 6 bulan ', '2022-12-08 10:09:13', '-'),
(139, 'FORM2022/12/08/0004', 28, 'Udara tidak berbau', '2022-12-08 10:09:13', '-'),
(140, 'FORM2022/12/08/0004', 28, 'Ruang penyimpanan barang diberikan penerangan', '2022-12-08 10:09:13', '-'),
(141, 'FORM2022/12/08/0004', 28, 'Penghawaan ruang , dengan aliran udara yang memadai', '2022-12-08 10:09:13', '-'),
(142, 'FORM2022/12/08/0004', 28, 'Ventilasi kamar operasi tekanan Positif', '2022-12-08 10:09:13', '-'),
(143, 'FORM2022/12/08/0004', 28, 'Pengukuran suhu dan kelembaban bisa dilakukan secara mandiri dengan alat ukur kesehatan lingkungan yang sesuai', '2022-12-08 10:09:13', '-'),
(144, 'FORM2022/12/08/0004', 28, 'Laju ventilasi 6-15 kali/ jam', '2022-12-08 10:09:13', '-'),
(145, 'FORM2022/12/08/0004', 28, 'Suhu 20-28', '2022-12-08 10:09:13', '-'),
(146, 'FORM2022/12/08/0004', 28, 'Kelembaban 40-60%', '2022-12-08 10:09:13', '-'),
(147, 'FORM2022/12/08/0004', 28, 'Tekanan di ruang isolasi airborne negatif', '2022-12-08 10:09:13', '-'),
(148, 'FORM2022/12/08/0004', 28, 'Tinggi intake minimal 10,9 meter dari atap', '2022-12-08 10:09:13', '-'),
(149, 'FORM2022/12/08/0004', 28, 'Penghawaan alamiah, ventilasi dengan sistem silang ( cros Ventilasi)', '2022-12-08 10:09:13', '-'),
(150, 'FORM2022/12/08/0004', 28, 'Penghawaan ruang operasi harus tekanannya lebih tinggi dibandingkan dengan ruang ruang lain dan menggunakan cara mekanis( AC)', '2022-12-08 10:09:13', '-'),
(151, 'FORM2022/12/08/0004', 28, 'Penghawaan mekanis dengan menggunakan ekshoust fan dan airconditioner  dipasang pada ketinggian  minimum 0,20 meter dari langit-langit', '2022-12-08 10:09:13', '-'),
(152, 'FORM2022/12/08/0004', 28, 'Sistem hendaknya dibuat keseimbangan tekanan', '2022-12-08 10:09:13', '-'),
(153, 'FORM2022/12/08/0004', 28, 'Tekanan Udara di OK positif', '2022-12-08 10:09:13', '-'),
(154, 'FORM2022/12/08/0004', 28, 'Ventilasi ruang isolasi penyakit menular harus dijaga dengan tekanan negatif', '2022-12-08 10:09:13', '-'),
(155, 'FORM2022/12/08/0004', 28, 'AHU dibersihkan dari debu, bakteri atau jamur', '2022-12-08 10:09:13', '-'),
(156, 'FORM2022/12/08/0004', 28, 'Suplay udara dan ekshoust di gerakkan secara mekanis', '2022-12-08 10:09:13', '-'),
(157, 'FORM2022/12/08/0004', 28, 'Ekshouse fan  diletakkan pada ujung  ventilasi dibawah', '2022-12-08 10:09:13', '-'),
(158, 'FORM2022/12/08/0004', 29, 'Lantai terbuat dari bahan yang kuat, kedap air, tidak licin,berwarna terang mudah dibersihkan', '2022-12-08 10:09:13', '-'),
(159, 'FORM2022/12/08/0004', 29, 'Permukaan rata dan pertemuan lantai dengan dinding berbentuk lengkung', '2022-12-08 10:09:13', '-'),
(160, 'FORM2022/12/08/0004', 29, 'Setiap u nit/ ruangan harus tersedia toilet dengan tempat cuci tangan tersendiri', '2022-12-08 10:09:13', '-'),
(161, 'FORM2022/12/08/0004', 29, 'Unit rawat inap dan kamar karyawan harus tersedia kamar mandi.', '2022-12-08 10:09:13', '-'),
(162, 'FORM2022/12/08/0004', 29, 'Pembuangan air limbah dari toilet dan kamar mandi dilengkapi dengan penahan bau', '2022-12-08 10:09:13', '-'),
(163, 'FORM2022/12/08/0004', 29, 'Letak kamar mandi dan toilet tidak berhubungan langsung dengan dapur , kamar operasi dan kamar kusus', '2022-12-08 10:09:13', '-'),
(164, 'FORM2022/12/08/0004', 29, 'Pintu kuat, tinggi, cukup, lebar dan dapat mencegah masuknya serangga dan tikus', '2022-12-08 10:09:13', '-'),
(165, 'FORM2022/12/08/0004', 29, 'Toilet pengunjung dengan perbandingan 1 toilet :20 pengunjung wanita, atau 1toliet : 30 pengunjung pria', '2022-12-08 10:09:13', '-'),
(166, 'FORM2022/12/08/0004', 29, 'Toilet pengunjung harus terletak ditempat yang mudah dijangkau dan atau petunjuk arah', '2022-12-08 10:09:13', '-'),
(167, 'FORM2022/12/08/0004', 29, 'Ada slogan dan peringatan untuk menjaga kesehatan', '2022-12-08 10:09:13', '-'),
(168, 'FORM2022/12/08/0004', 29, 'Bebas dari penampungan dan genangan air yang dapat menjadi tempat perindukan nyamuk', '2022-12-08 10:09:13', '-'),
(169, 'FORM2022/12/08/0004', 29, 'Kebersihan permukaan lingkungan dilakukan 2x sehari atau jika kotor', '2022-12-08 10:09:13', '-'),
(170, 'FORM2022/12/08/0004', 29, 'Gunakan lap basah dan peralatan kebersihan sesuai standar troly kebersihan', '2022-12-08 10:09:13', '-'),
(171, 'FORM2022/12/08/0004', 29, 'Melakukan pembersihan permukaan yang sering disentuh : bad rail , narkas, dll gunakan desinfektan  jika terkena darah/ cairan tubuh', '2022-12-08 10:09:13', '-'),
(172, 'FORM2022/12/08/0004', 29, 'Pengepelan lantai, gunakan dua ember , dan pemeras kain pel,penampung / kantong limbah, cairan pembersih dan desinfektan', '2022-12-08 10:09:13', '-'),
(173, 'FORM2022/12/08/0004', 29, 'Bunga dan tanaman pot serta aquarium tidak ada di area pelayanan', '2022-12-08 10:09:13', '-'),
(174, 'FORM2022/12/08/0004', 29, 'Area disekitar pasien harus bebas dari peralatan / perlengkapan yang tidak perlu sehingga mudah dibersihkan', '2022-12-08 10:09:13', '-'),
(175, 'FORM2022/12/08/0004', 29, 'Tempat tidur , peralatan pasien serta ruangan pasien harus dilakukan dekontaminasi sebelym digunakan pasien berikutnyan', '2022-12-08 10:09:13', '-'),
(176, 'FORM2022/12/08/0004', 29, 'Peralatan dibersihkan dan tertata baik sehingga memudahkan untuk pembersihan', '2022-12-08 10:09:13', '-'),
(177, 'FORM2022/12/08/0004', 30, 'Bebas dari keberadaan tikus, kucing, anjing, binatang lain', '2022-12-08 10:09:13', '-'),
(178, 'FORM2022/12/08/0004', 30, 'Bebas dari lalat dalam bangunan tetutup', '2022-12-08 10:09:13', '-'),
(179, 'FORM2022/12/08/0004', 30, 'Bebas kecoa terutama dapur, gudang makanan dan ruang steril', '2022-12-08 10:09:13', '-'),
(180, 'FORM2022/12/08/0005', 31, 'Fasilitas air bersih dingin', '2022-12-08 13:37:18', '-'),
(181, 'FORM2022/12/08/0005', 31, 'Fasilitas air bersih panas', '2022-12-08 13:37:18', '-'),
(182, 'FORM2022/12/08/0005', 31, 'Terpisah area kotor, area bersih , area penyimpanan dan area distribusi', '2022-12-08 13:37:18', '-'),
(183, 'FORM2022/12/08/0005', 31, 'Tersedia mesin washer', '2022-12-08 13:37:18', '-'),
(184, 'FORM2022/12/08/0005', 31, 'Tersedia mesin pengering', '2022-12-08 13:37:18', '-'),
(185, 'FORM2022/12/08/0005', 31, 'Tersedia iron', '2022-12-08 13:37:18', '-'),
(186, 'FORM2022/12/08/0005', 31, 'Tersedia meja bahan stainles steel', '2022-12-08 13:37:18', '-'),
(187, 'FORM2022/12/08/0005', 31, 'Tersedia lemari dari bahan yang yang tidak berpori', '2022-12-08 13:37:18', '-'),
(188, 'FORM2022/12/08/0005', 31, 'Tersedia eye washer', '2022-12-08 13:37:18', '-'),
(189, 'FORM2022/12/08/0005', 31, 'Tersedia kamar mandi untuk petugas', '2022-12-08 13:37:18', '-'),
(190, 'FORM2022/12/08/0005', 31, 'Tersedia wastefel untuk cuci tangan', '2022-12-08 13:37:18', '-'),
(191, 'FORM2022/12/08/0005', 31, 'Tersedia troly kotor dan troly bersih yang tertutup', '2022-12-08 13:37:18', '-'),
(192, 'FORM2022/12/08/0005', 31, 'Tersedia ear plug', '2022-12-08 13:37:18', '-'),
(193, 'FORM2022/12/08/0005', 31, 'Tersedia almari B3 tahan api dan air', '2022-12-08 13:37:18', '-'),
(194, 'FORM2022/12/08/0005', 32, 'Pintu masuk linen kotor dan pintu keluar linen bersih berbeda', '2022-12-08 13:37:18', '-'),
(195, 'FORM2022/12/08/0005', 32, 'Area pemilahan linen kotor/ infeksius berbeda di area unit penghasil linen kotor', '2022-12-08 13:37:18', '-'),
(196, 'FORM2022/12/08/0005', 32, 'Tersedia area spoting', '2022-12-08 13:37:18', '-'),
(197, 'FORM2022/12/08/0005', 32, 'Tersedia area mesin washer', '2022-12-08 13:37:18', '-'),
(198, 'FORM2022/12/08/0005', 32, 'Tersedia area bersih yang terpisah', '2022-12-08 13:37:18', '-'),
(199, 'FORM2022/12/08/0005', 32, 'Tersedia area mesin pengering', '2022-12-08 13:37:18', '-'),
(200, 'FORM2022/12/08/0005', 32, 'Tersedia mesin iron / setrika besar dn  kecil', '2022-12-08 13:37:18', '-'),
(201, 'FORM2022/12/08/0005', 32, 'Tersedia area pelipatan', '2022-12-08 13:37:18', '-'),
(202, 'FORM2022/12/08/0005', 32, 'Tersedia area distribusi', '2022-12-08 13:37:18', '-'),
(203, 'FORM2022/12/08/0005', 32, 'Tersedia area penyimpanan linen bersih', '2022-12-08 13:37:18', '-'),
(204, 'FORM2022/12/08/0005', 33, 'Ada pedoman pelayanan Loundry', '2022-12-08 13:37:18', '-'),
(205, 'FORM2022/12/08/0005', 33, 'Ada SPO pelayanan Loundry', '2022-12-08 13:37:18', '-'),
(206, 'FORM2022/12/08/0005', 33, 'Ada pencatatan barang masuk dan keluar', '2022-12-08 13:37:18', '-'),
(207, 'FORM2022/12/08/0005', 33, 'Ada pemeriksaan petugas karyawan', '2022-12-08 13:37:18', '-'),
(208, 'FORM2022/12/08/0005', 34, 'Tersedia Tersedia BHP', '2022-12-08 13:37:18', '-'),
(209, 'FORM2022/12/08/0005', 34, 'Selalu tersedia bahan pencuci', '2022-12-08 13:37:18', '-'),
(210, 'FORM2022/12/08/0005', 35, 'Area cuci bebas dari debu dan tidak licin terlihat bersih', '2022-12-08 13:37:18', '-'),
(211, 'FORM2022/12/08/0005', 35, 'Mesin washer tidak ada debu dan kotoran', '2022-12-08 13:37:18', '-'),
(212, 'FORM2022/12/08/0005', 35, 'Mesin pengering tidak ada debu dan kotoran', '2022-12-08 13:37:18', '-'),
(213, 'FORM2022/12/08/0005', 35, 'Mesin setrika tidak ada debu dan kotoran', '2022-12-08 13:37:18', '-'),
(214, 'FORM2022/12/08/0005', 35, 'Meja pelipatan tidak ada debu dan  kotoran', '2022-12-08 13:37:18', '-'),
(215, 'FORM2022/12/08/0005', 35, 'Lemari bersih dan tertata baik', '2022-12-08 13:37:18', '-'),
(216, 'FORM2022/12/08/0005', 35, 'Lemari tidak ada debu dan kotoran', '2022-12-08 13:37:18', '-'),
(217, 'FORM2022/12/08/0005', 36, 'Petugas selalu menggunakan APD lengkap diarea kotor', '2022-12-08 13:37:18', '-'),
(218, 'FORM2022/12/08/0005', 36, 'Petugas selalu menggunakan masker dan penutup kepala diarea bersih', '2022-12-08 13:37:18', '-'),
(219, 'FORM2022/12/08/0005', 37, 'Pisahkan linen infeksius dan non infesksius oleh penghasil linen kotor', '2022-12-08 13:37:18', '-'),
(220, 'FORM2022/12/08/0005', 37, 'Kantong linen kotor terisi 3/4 penuh  segera ikat', '2022-12-08 13:37:18', '-'),
(221, 'FORM2022/12/08/0005', 37, 'Pengangkutan linen kotor menggunakan troly khusus linen kotor dan tertutup ', '2022-12-08 13:37:18', '-'),
(222, 'FORM2022/12/08/0005', 38, 'Proses pembsahan untuk pembersihan kotoran yang mudah larut tanpa bahan kimia pada suhu rendah', '2022-12-08 13:37:18', '-'),
(223, 'FORM2022/12/08/0005', 38, 'Proses pembasahan untuk pemebrsihan kotoran dengan bahan kimia alkali dan suhu rendah', '2022-12-08 13:37:18', '-'),
(224, 'FORM2022/12/08/0005', 38, 'proses pencucian dengan menambah alkali, ditergen, emulsifier dengan suhu hangat', '2022-12-08 13:37:18', '-'),
(225, 'FORM2022/12/08/0005', 38, 'proses pencucian untuk melepaskan kotoran dengan air panas,, agar ditergen bekerja dengan optimal', '2022-12-08 13:37:18', '-'),
(226, 'FORM2022/12/08/0005', 38, 'Untuk linen warna putih dilakukan pemucatan dengan klorin dan air hangat suhu 60 0 C', '2022-12-08 13:37:18', '-'),
(227, 'FORM2022/12/08/0005', 38, 'Proses pembilasan dengan air dingin diulang 2 kali', '2022-12-08 13:37:18', '-'),
(228, 'FORM2022/12/08/0005', 38, 'Proses pembilasan akhir dengan pemerasan ringan', '2022-12-08 13:37:18', '-'),
(229, 'FORM2022/12/08/0005', 38, 'Proses pembilasan akhir untuk menetralkan bahan-bahan kimia', '2022-12-08 13:37:18', '-'),
(230, 'FORM2022/12/08/0005', 38, 'Proses pengeringan cucian sesuai dengan IFU musin pengering', '2022-12-08 13:37:18', '-'),
(231, 'FORM2022/12/08/0005', 38, 'Proses setrika sesuai besar dan kecilnya linen', '2022-12-08 13:37:18', '-'),
(232, 'FORM2022/12/08/0005', 39, 'Linen yang sudah bersih , pastikan dilipat dimeja yang bersih', '2022-12-08 13:37:18', '-'),
(233, 'FORM2022/12/08/0005', 39, 'Sesuaikan jenis dan jumlah linen', '2022-12-08 13:37:18', '-'),
(234, 'FORM2022/12/08/0005', 40, 'Ada pengatuuran sistem FIFO untuk linen bersih sebelum dilakukan distribusi', '2022-12-08 13:37:18', '-'),
(235, 'FORM2022/12/08/0005', 40, 'Pengangkutan linen bersih dengan menggunakan Troly tertutup khusus linen bersih', '2022-12-08 13:37:18', '-'),
(236, 'FORM2022/12/09/0001', 41, 'Ada Air mengalir', '2022-12-09 00:57:25', '-'),
(237, 'FORM2022/12/09/0001', 41, 'Apakah Wastafel Bersih dan bebas barang barang yang tidak semestinya ada di wastafel', '2022-12-09 00:57:25', '-'),
(238, 'FORM2022/12/09/0001', 41, 'Apakah Tersedia Sabun Cair', '2022-12-09 00:57:25', '-'),
(239, 'FORM2022/12/09/0001', 41, 'Apakah Tersedia Tissue/ Handuk Pengering', '2022-12-09 00:57:25', '-'),
(240, 'FORM2022/12/09/0001', 41, 'Apakah Tersedia Sampah Non Infeksius', '2022-12-09 00:57:25', '-'),
(241, 'FORM2022/12/09/0001', 41, 'Apakah Tersedia Poster HH', '2022-12-09 00:57:25', '-'),
(242, 'FORM2022/12/09/0001', 41, 'Apakah Tersedia Handrub disetiap ruangan', '2022-12-09 00:57:25', '-'),
(243, 'FORM2022/12/09/0002', 42, 'Sebelum kontak dengan pasien', '2022-12-09 01:05:48', '-'),
(244, 'FORM2022/12/09/0002', 42, 'Sebelum Tidakan aseptik', '2022-12-09 01:05:48', '-'),
(245, 'FORM2022/12/09/0002', 42, 'Setelah Kontak dengan cairan tubuh pasien', '2022-12-09 01:05:48', '-'),
(246, 'FORM2022/12/09/0002', 42, 'Setelah Kontak dengan pasien', '2022-12-09 01:05:48', '-'),
(247, 'FORM2022/12/09/0002', 42, 'Setelah Kontak dengan lingkungan pasien', '2022-12-09 01:05:48', '-'),
(248, 'FORM2022/12/09/0002', 43, 'Dengan sabun cair', '2022-12-09 01:05:48', '-'),
(249, 'FORM2022/12/09/0002', 43, 'Dengan Handrub', '2022-12-09 01:05:48', '-'),
(250, 'FORM2022/12/09/0002', 43, 'Dengan hanschoon', '2022-12-09 01:05:48', '-'),
(251, 'FORM2022/12/09/0002', 43, 'Tidak cuci tangan', '2022-12-09 01:05:48', '-'),
(252, 'FORM2022/12/09/0003', 44, 'Masker bedah', '2022-12-09 01:22:39', '-'),
(253, 'FORM2022/12/09/0003', 44, 'Masker N95', '2022-12-09 01:22:39', '-'),
(254, 'FORM2022/12/09/0003', 44, 'Sarung tangan bedah', '2022-12-09 01:22:39', '-'),
(255, 'FORM2022/12/09/0003', 44, 'Sarung tangan Steril', '2022-12-09 01:22:39', '-'),
(256, 'FORM2022/12/09/0003', 44, 'Sarung Tangan Rumah Tangga', '2022-12-09 01:22:39', '-'),
(257, 'FORM2022/12/09/0003', 44, 'Topi/ Penutup Kepala', '2022-12-09 01:22:39', '-'),
(258, 'FORM2022/12/09/0003', 44, 'Goun/ apron', '2022-12-09 01:22:39', '-'),
(259, 'FORM2022/12/09/0003', 44, 'Google/ Faceshield', '2022-12-09 01:22:39', '-'),
(260, 'FORM2022/12/09/0003', 44, 'Sepatu Tertutup/ boot', '2022-12-09 01:22:39', '-'),
(261, 'FORM2022/12/09/0003', 45, 'Penggunaan gaun dan atau celemek  saat melakukan Tindakan baju dan lengan terpajan  atau kemungkinan terpajan oleh darah, cairan tubuh, sekresi ataupun ekskresi', '2022-12-09 01:22:39', '-'),
(262, 'FORM2022/12/09/0003', 45, 'Penggunaan masker  bedah saat melakukan tindakan membrane mukosa mulut dan hidung terpajan atau kemungkinan terpajan oleh darah, cairan tubuh, sekresi ataupun ekskresii', '2022-12-09 01:22:39', '-'),
(263, 'FORM2022/12/09/0003', 45, 'Penggunaan masker N95 saat melakukan tindakan  yang menghasilkan AGP membrane mukosa mulut dan hidung terpajan atau kemungkinan terpajan oleh darah, cairan tubuh, sekresi ataupun ekskresi', '2022-12-09 01:22:39', '-'),
(264, 'FORM2022/12/09/0003', 45, 'Penggunaan kaca mata saat melakukan Tindakan mata  terpajan atau kemungkinan terpajan oleh darah, cairan tubuh, sekresi ataupun ekskresi', '2022-12-09 01:22:39', '-'),
(265, 'FORM2022/12/09/0003', 45, 'Penggunaan  face shield saat melakukan Tindakan wajah  terpajan atau kemungkinan terpajan oleh darah, cairan tubuh, sekresi ataupun ekskresi', '2022-12-09 01:22:39', '-'),
(266, 'FORM2022/12/09/0003', 45, 'Penggunaan sarung Tangan  saat melakukan Tindakan tangan  terpajan atau kemungkinan terpajan oleh darah, cairan tubuh, sekresi ataupun ekskresi', '2022-12-09 01:22:39', '-'),
(267, 'FORM2022/12/09/0003', 45, 'Penggunaan topi/penutup kepala  saat melakukan tindakan rambut kepala  terpajan atau kemungkinan terpajan oleh darah, cairan tubuh, sekresi ataupun ekskresi', '2022-12-09 01:22:39', '-'),
(268, 'FORM2022/12/09/0003', 45, 'Penggunaan sepatu saat melakukan tindakan kaki   terpajan atau kemungkinan terpajan oleh darah, cairan tubuh, sekresi ataupun ekskresi', '2022-12-09 01:22:39', '-'),
(269, 'FORM2022/12/09/0004', 46, 'Masker N95', '2022-12-09 01:29:42', '-'),
(270, 'FORM2022/12/09/0004', 46, 'Masker bedah', '2022-12-09 01:29:42', '-'),
(271, 'FORM2022/12/09/0004', 46, 'Sarung tangan bedah', '2022-12-09 01:29:42', '-'),
(272, 'FORM2022/12/09/0004', 46, 'Sarung tangan Steril', '2022-12-09 01:29:42', '-'),
(273, 'FORM2022/12/09/0004', 46, 'Sarung Tangan Rumah Tangga', '2022-12-09 01:29:42', '-'),
(274, 'FORM2022/12/09/0004', 46, 'Goun/ apron', '2022-12-09 01:29:42', '-'),
(275, 'FORM2022/12/09/0004', 46, 'Topi/ Penutup Kepala', '2022-12-09 01:29:42', '-'),
(276, 'FORM2022/12/09/0004', 46, 'Sepatu/ Boot', '2022-12-09 01:29:42', '-'),
(277, 'FORM2022/12/09/0004', 47, 'Di almari bersih', '2022-12-09 01:29:42', '-'),
(278, 'FORM2022/12/09/0004', 47, 'Tertata Rapi', '2022-12-09 01:29:42', '-'),
(279, 'FORM2022/12/09/0005', 48, 'Menutup hidung dan mulut dengan tissue', '2022-12-09 01:37:37', '-'),
(280, 'FORM2022/12/09/0005', 48, 'Menutup hidung dan mulut  dengan lengan bagian dalam', '2022-12-09 01:37:37', '-'),
(281, 'FORM2022/12/09/0005', 48, 'Membuang tissue ke tempat sampah', '2022-12-09 01:37:37', '-'),
(282, 'FORM2022/12/09/0005', 48, 'Melakukan kebersihan Tangan', '2022-12-09 01:37:37', '-'),
(283, 'FORM2022/12/09/0006', 49, 'Melakukan kebersihan Tangan', '2022-12-09 01:45:29', '-'),
(284, 'FORM2022/12/09/0006', 49, 'Melakukan tehnik aseptik', '2022-12-09 01:45:29', '-'),
(285, 'FORM2022/12/09/0006', 49, 'No Recaping', '2022-12-09 01:45:29', '-'),
(286, 'FORM2022/12/09/0006', 49, 'Limbah Segera dibuang', '2022-12-09 01:45:29', '-'),
(287, 'FORM2022/12/09/0006', 49, 'One Shyring/Satu spuit untuk 1 pasien', '2022-12-09 01:45:29', '-'),
(288, 'FORM2022/12/09/0006', 49, 'One Nidle/ satu nidle untuk satu pasien', '2022-12-09 01:45:29', '-'),
(289, 'FORM2022/12/09/0006', 49, 'Onlyone Time/ satu waktu satu pasien', '2022-12-09 01:45:29', '-'),
(290, 'FORM2022/12/09/0007', 50, 'Droplet', '2022-12-09 01:59:03', '-'),
(291, 'FORM2022/12/09/0007', 50, 'Kontak', '2022-12-09 01:59:03', '-'),
(292, 'FORM2022/12/09/0007', 50, 'Airborne', '2022-12-09 01:59:03', '-'),
(293, 'FORM2022/12/09/0007', 51, 'Petugas menggunakan APD', '2022-12-09 01:59:03', '-'),
(294, 'FORM2022/12/09/0007', 51, 'Pasien menggunakan APD masker u transmisi droplet atau airborne', '2022-12-09 01:59:03', '-'),
(295, 'FORM2022/12/09/0007', 51, 'Pasien dilakukakan penutupan lessi jika transmisi kontak', '2022-12-09 01:59:03', '-'),
(296, 'FORM2022/12/09/0007', 52, 'Peralatan disendirikan', '2022-12-09 01:59:03', '-'),
(297, 'FORM2022/12/09/0007', 52, 'Pembersihan 2kali atau jika kelihatan kotor dengan cairan desinfektan yang sudah ditentukan sesuai prosedur', '2022-12-09 01:59:03', '-'),
(298, 'FORM2022/12/09/0007', 52, 'Petugas memakai APD ', '2022-12-09 01:59:03', '-'),
(299, 'FORM2022/12/09/0008', 53, 'Troly sampah bersih', '2022-12-09 02:07:33', '-'),
(300, 'FORM2022/12/09/0008', 53, 'Sampah tidak berceceran', '2022-12-09 02:07:33', '-'),
(301, 'FORM2022/12/09/0008', 53, 'Troly sampah dengan injakan/ pedal', '2022-12-09 02:07:33', '-'),
(302, 'FORM2022/12/09/0008', 54, 'Bersih', '2022-12-09 02:07:33', '-'),
(303, 'FORM2022/12/09/0008', 54, 'Kering', '2022-12-09 02:07:33', '-'),
(304, 'FORM2022/12/09/0008', 54, 'Tidak ada binatang', '2022-12-09 02:07:33', '-'),
(305, 'FORM2022/12/09/0008', 55, 'Tempat sampah  non infeksius dengan injakan bersih', '2022-12-09 02:07:33', '-'),
(306, 'FORM2022/12/09/0008', 55, 'Kantong sampah sesuai non infeksius', '2022-12-09 02:07:33', '-'),
(307, 'FORM2022/12/09/0008', 55, 'Ada Fasilitas sabun cair', '2022-12-09 02:07:33', '-'),
(308, 'FORM2022/12/09/0008', 55, 'Ada wastafel bersih', '2022-12-09 02:07:33', '-'),
(309, 'FORM2022/12/09/0008', 55, 'Tersedia pengering tissue atau kain sekali pakai', '2022-12-09 02:07:33', '-'),
(310, 'FORM2022/12/09/0008', 55, 'Ada fasilitas air mengalir', '2022-12-09 02:07:33', '-'),
(311, 'FORM2022/12/09/0008', 55, 'Ada Poster Kebersihan tangan', '2022-12-09 02:07:33', '-'),
(312, 'FORM2022/12/09/0008', 56, 'Masker bedah ada', '2022-12-09 02:07:33', '-'),
(313, 'FORM2022/12/09/0008', 56, 'Masker N95', '2022-12-09 02:07:33', '-'),
(314, 'FORM2022/12/09/0008', 56, 'Sarung tangan Rumah Tangga tersedia', '2022-12-09 02:07:33', '-'),
(315, 'FORM2022/12/09/0008', 56, 'Tersedia Apron', '2022-12-09 02:07:33', '-'),
(316, 'FORM2022/12/09/0008', 56, 'Tersedia Sepatu Boot', '2022-12-09 02:07:33', '-'),
(317, 'FORM2022/12/09/0008', 56, 'Tersedia Google', '2022-12-09 02:07:33', '-'),
(318, 'FORM2022/12/09/0008', 56, 'Tersedia almari penyimpanan APD bersih', '2022-12-09 02:07:33', '-'),
(319, 'FORM2022/12/09/0008', 57, 'Bersih', '2022-12-09 02:07:33', '-'),
(320, 'FORM2022/12/09/0008', 57, 'Kering', '2022-12-09 02:07:33', '-'),
(321, 'FORM2022/12/09/0009', 58, 'Pada pintu masuk diletakkan tanda peringatan , sebagai perhatian untuk tindakan pencegahan', '2022-12-09 02:26:27', '-'),
(322, 'FORM2022/12/09/0009', 58, 'Tekanan udara ruang isolasi negatif 15-30', '2022-12-09 02:26:27', '-'),
(323, 'FORM2022/12/09/0009', 58, 'Kelembaban udara 40-60%', '2022-12-09 02:26:27', '-'),
(324, 'FORM2022/12/09/0009', 58, 'Pertukaran Udara > 12 kali/ jam', '2022-12-09 02:26:27', '-'),
(325, 'FORM2022/12/09/0009', 58, 'Pemeriksaan tekanan ruang isolasi oleh perawat ruangan setiap hari , dengan mencatatnya pada kartu monitoring', '2022-12-09 02:26:27', '-'),
(326, 'FORM2022/12/09/0009', 58, 'Setiap orang yang masuk ruang isolasi menggunakan APD', '2022-12-09 02:26:27', '-'),
(327, 'FORM2022/12/09/0009', 58, 'Tersedia fasilitas kebersihan tangan', '2022-12-09 02:26:27', '-'),
(328, 'FORM2022/12/09/0009', 58, 'Tersedia tempat sampah yang sesuai jenisnya', '2022-12-09 02:26:27', '-'),
(329, 'FORM2022/12/09/0009', 58, 'Tersedia kantong sampah medis kuning untuk limbah infeksius', '2022-12-09 02:26:27', '-'),
(330, 'FORM2022/12/09/0009', 58, 'Tersedia savety book untuk limbah benda tajam', '2022-12-09 02:26:27', '-'),
(331, 'FORM2022/12/09/0009', 58, 'Tersedia APD yang sesuai', '2022-12-09 02:26:27', '-'),
(332, 'FORM2022/12/09/0009', 58, 'Pemakaian APD sesuai', '2022-12-09 02:26:27', '-'),
(333, 'FORM2022/12/09/0009', 58, 'Ruangan dibersihkan 2kali perhari dengan cairan desinfekstan', '2022-12-09 02:26:27', '-'),
(334, 'FORM2022/12/09/0009', 58, 'Seluruh permukaan meja almari tempat tidur , rail, pintu dll dibersihkan 2 kali/ hari dengan cairan desinfekstan', '2022-12-09 02:26:27', '-'),
(335, 'FORM2022/12/09/0009', 58, 'Linen bekas pakai di masukkan ke boks linen infeksius', '2022-12-09 02:26:27', '-'),
(336, 'FORM2022/12/09/0009', 59, 'Edukasi kebersihan kepada pasien dan pengunjung', '2022-12-09 02:26:27', '-'),
(337, 'FORM2022/12/09/0009', 59, 'Kebersihan tangan bisa dengan air mengalir atau handrub', '2022-12-09 02:26:27', '-'),
(338, 'FORM2022/12/09/0009', 59, 'Petugas pasien dan penunggu menggunakan apd', '2022-12-09 02:26:27', '-'),
(339, 'FORM2022/12/09/0009', 59, 'Selalu menutup pintu kamar', '2022-12-09 02:26:27', '-'),
(340, 'FORM2022/12/09/0009', 59, 'Menerapkan etika batuk', '2022-12-09 02:26:27', '-'),
(341, 'FORM2022/12/09/0010', 60, 'Linen tidak bau', '2022-12-09 02:33:31', '-'),
(342, 'FORM2022/12/09/0010', 60, 'Linen Tidak robek', '2022-12-09 02:33:31', '-'),
(343, 'FORM2022/12/09/0010', 60, 'Linen Tidak Lusuh', '2022-12-09 02:33:31', '-'),
(344, 'FORM2022/12/09/0010', 60, 'Linen Tidak   bernoda', '2022-12-09 02:33:31', '-'),
(345, 'FORM2022/12/09/0010', 60, 'Linen Tidak basah', '2022-12-09 02:33:31', '-'),
(346, 'FORM2022/12/09/0011', 61, 'Pintu Penerimaan alat medis kotor dan pendistribusian alat medis bersih   tersedia', '2022-12-09 02:50:08', '-'),
(347, 'FORM2022/12/09/0011', 61, 'Lokasi masing masing proses berbeda', '2022-12-09 02:50:08', '-'),
(348, 'FORM2022/12/09/0011', 62, 'Proses dilakukan di CSSD', '2022-12-09 02:50:08', '-'),
(349, 'FORM2022/12/09/0011', 62, 'Alat medis kotor yang akan dilakukan sterilisasi dikirim dengan container', '2022-12-09 02:50:08', '-'),
(350, 'FORM2022/12/09/0011', 62, 'Serah terima alat kotor antar petugas didokummentasikan', '2022-12-09 02:50:08', '-'),
(351, 'FORM2022/12/09/0011', 62, 'Petugas menggunakan APD', '2022-12-09 02:50:08', '-'),
(352, 'FORM2022/12/09/0011', 62, 'Alat kotor dilakukan perendaman dengan enzimatik selama 15 menit', '2022-12-09 02:50:08', '-'),
(353, 'FORM2022/12/09/0011', 62, 'Alat disikat hingga bersih dari kotoran', '2022-12-09 02:50:08', '-'),
(354, 'FORM2022/12/09/0011', 62, 'Bilas dengan air  bersih  dan keringkan', '2022-12-09 02:50:08', '-'),
(355, 'FORM2022/12/09/0011', 62, 'Petugas cukup', '2022-12-09 02:50:08', '-'),
(356, 'FORM2022/12/09/0011', 62, 'Ada tempat sampah infeksius dan non infeksius', '2022-12-09 02:50:08', '-'),
(357, 'FORM2022/12/09/0011', 63, 'Petugas memakai APD Topi dan masker', '2022-12-09 02:50:08', '-'),
(358, 'FORM2022/12/09/0011', 63, 'Ada tempat khusus untuk pengemasan', '2022-12-09 02:50:08', '-'),
(359, 'FORM2022/12/09/0011', 63, 'Setiap alat dikemas sesuai dengan kebutuhan', '2022-12-09 02:50:08', '-'),
(360, 'FORM2022/12/09/0011', 63, 'Pengemasan dilakukan dengan kantong plastik( Poces)', '2022-12-09 02:50:08', '-'),
(361, 'FORM2022/12/09/0011', 63, 'Dilakukan pemberian indikator  dalam dan luar kemasan', '2022-12-09 02:50:08', '-'),
(362, 'FORM2022/12/09/0011', 63, 'Pengemasan aman tidak terbuaka', '2022-12-09 02:50:08', '-'),
(363, 'FORM2022/12/09/0011', 64, 'Kemasan di tata rapi  dan disterilisasi sesuai jenisnya', '2022-12-09 02:50:08', '-'),
(364, 'FORM2022/12/09/0011', 64, 'Alat medis Kritical menggunakan Autoclaf', '2022-12-09 02:50:08', '-'),
(365, 'FORM2022/12/09/0011', 64, 'Ada bukti kalibrasi mesin . dan mesin  siap pakai', '2022-12-09 02:50:08', '-'),
(366, 'FORM2022/12/09/0011', 64, 'Indikator dalam dan luar berubah warna', '2022-12-09 02:50:08', '-'),
(367, 'FORM2022/12/09/0011', 64, 'Ada hasil uji Kultur dan Uji stril', '2022-12-09 02:50:08', '-'),
(368, 'FORM2022/12/09/0011', 64, 'Ikatan kemasan tidak lepas', '2022-12-09 02:50:08', '-'),
(369, 'FORM2022/12/09/0011', 65, 'Ada kamar khusus tekanan positif', '2022-12-09 02:50:08', '-'),
(370, 'FORM2022/12/09/0011', 65, 'Alat sudah dibungkus, dan disimpan dalam almari', '2022-12-09 02:50:08', '-'),
(371, 'FORM2022/12/09/0011', 65, 'Alat penyimpanan dengan sistem FIFO', '2022-12-09 02:50:08', '-'),
(372, 'FORM2022/12/09/0011', 65, 'Ada jarak lemari untuk penyimpanan jarak 60 cm dari atap dan tidak bercampu dengan barang lain', '2022-12-09 02:50:08', '-'),
(373, 'FORM2022/12/09/0011', 65, 'Temperatur suhu ,200 sd 240 lux, kelembaban 40-60%', '2022-12-09 02:50:08', '-'),
(374, 'FORM2022/12/09/0011', 65, 'Ada kartu kontrol suhu dan kelembaban', '2022-12-09 02:50:08', '-'),
(375, 'FORM2022/12/09/0011', 66, 'Ada pencatatan alat yang didistribusikan', '2022-12-09 02:50:08', '-'),
(376, 'FORM2022/12/09/0011', 66, 'Alat yang diditribusikan sesuai dengan alat yang dikirim', '2022-12-09 02:50:08', '-'),
(377, 'FORM2022/12/09/0011', 66, 'Menggunakan kotak tertutup / container warna hijau.', '2022-12-09 02:50:08', '-'),
(378, 'FORM2022/12/09/0011', 67, 'Sarana cuci tangan lengkap', '2022-12-09 02:50:08', '-'),
(379, 'FORM2022/12/09/0011', 67, 'Tersedia APD lengkap', '2022-12-09 02:50:08', '-'),
(380, 'FORM2022/12/09/0011', 67, 'Ada toilet dalam kondisi bersih', '2022-12-09 02:50:08', '-'),
(381, 'FORM2022/12/09/0011', 67, 'Ada tempat sampah Infeksius', '2022-12-09 02:50:08', '-'),
(382, 'FORM2022/12/09/0011', 67, 'Ada bukti hasil pemeriksaan petugas', '2022-12-09 02:50:08', '-'),
(383, 'FORM2022/12/09/0011', 67, 'Penataan Ruang Baik', '2022-12-09 02:50:08', '-'),
(384, 'FORM2022/12/09/0011', 67, 'Alat kebersihan ditata rapi', '2022-12-09 02:50:08', '-'),
(385, 'FORM2022/12/09/0011', 67, 'Troli transpot bersih dan tertutup', '2022-12-09 02:50:08', '-'),
(386, 'FORM2022/12/09/0011', 67, 'Seluruh cairan kimia diberi label ED', '2022-12-09 02:50:08', '-'),
(387, 'FORM2022/12/09/0011', 67, 'Makan dan minum diruang tertentu , bukan tempat kerja', '2022-12-09 02:50:08', '-'),
(388, 'FORM2022/12/09/0011', 67, 'Ruang bebas debu', '2022-12-09 02:50:08', '-'),
(389, 'FORM2022/12/09/0011', 67, 'Semua staf memakai pakaian bersih', '2022-12-09 02:50:08', '-');

-- --------------------------------------------------------

--
-- Table structure for table `lembar_survey`
--

CREATE TABLE `lembar_survey` (
  `kode_survey` varchar(20) NOT NULL,
  `nama_survey` varchar(200) NOT NULL,
  `tanggal` date NOT NULL DEFAULT current_timestamp(),
  `create_at` timestamp NOT NULL DEFAULT current_timestamp(),
  `update_at` timestamp NOT NULL DEFAULT current_timestamp(),
  `status` int(1) NOT NULL DEFAULT 1
) ENGINE=InnoDB DEFAULT CHARSET=utf8mb4;

--
-- Dumping data for table `lembar_survey`
--

INSERT INTO `lembar_survey` (`kode_survey`, `nama_survey`, `tanggal`, `create_at`, `update_at`, `status`) VALUES
('KS2022/01/32/001', 'nama', '2022-11-17', '2022-11-17 15:25:18', '2022-11-17 15:25:18', 1),
('KS2022/01/32/002', 'Survey lokasi', '2022-11-18', '2022-11-17 17:50:14', '2022-11-17 17:50:14', 1),
('KS2022/01/32/004', 'Survey poli misale', '2022-11-18', '2022-11-18 03:09:20', '2022-11-18 03:09:20', 1),
('KS2022/11/19/0001', 'PPI CUCI TANGAN', '2022-11-19', '2022-11-19 13:21:38', '2022-11-19 13:21:38', 1),
('qwer', 'survey 1', '2022-10-20', '2022-10-20 16:24:27', '2022-10-20 16:24:27', 1);

-- --------------------------------------------------------

--
-- Table structure for table `nilai_formulir`
--

CREATE TABLE `nilai_formulir` (
  `id_nilai` int(11) NOT NULL,
  `no_form` varchar(20) NOT NULL,
  `nilai` varchar(200) NOT NULL,
  `poin` int(11) NOT NULL DEFAULT 0
) ENGINE=InnoDB DEFAULT CHARSET=utf8mb4;

--
-- Dumping data for table `nilai_formulir`
--

INSERT INTO `nilai_formulir` (`id_nilai`, `no_form`, `nilai`, `poin`) VALUES
(4, 'FORM2022/12/07/0001', 'Ya', 0),
(5, 'FORM2022/12/07/0001', 'Tidak', 0),
(6, 'FORM2022/12/07/0001', 'NA', 0),
(7, 'FORM2022/12/08/0001', 'Ya', 0),
(8, 'FORM2022/12/08/0001', 'Tidak', 0),
(9, 'FORM2022/12/08/0001', 'NA', 0),
(10, 'FORM2022/12/08/0002', 'Ya', 0),
(11, 'FORM2022/12/08/0002', 'Tidak', 0),
(12, 'FORM2022/12/08/0002', 'NA', 0),
(13, 'FORM2022/12/08/0003', 'Ya', 0),
(14, 'FORM2022/12/08/0003', 'Tidak', 0),
(15, 'FORM2022/12/08/0003', 'NA', 0),
(16, 'FORM2022/12/08/0004', 'Ya', 0),
(17, 'FORM2022/12/08/0004', 'Tidak', 0),
(18, 'FORM2022/12/08/0004', 'NA', 0),
(19, 'FORM2022/12/08/0005', 'Ya', 0),
(20, 'FORM2022/12/08/0005', 'Tidak', 0),
(21, 'FORM2022/12/08/0005', 'NA', 0),
(22, 'FORM2022/12/09/0001', 'Ya', 0),
(23, 'FORM2022/12/09/0001', 'Tidak', 0),
(24, 'FORM2022/12/09/0001', 'NA', 0),
(25, 'FORM2022/12/09/0002', 'Ya', 0),
(26, 'FORM2022/12/09/0002', 'Tidak', 0),
(27, 'FORM2022/12/09/0002', 'NA', 0),
(28, 'FORM2022/12/09/0003', 'Ya', 0),
(29, 'FORM2022/12/09/0003', 'Tidak', 0),
(30, 'FORM2022/12/09/0003', 'NA', 0),
(31, 'FORM2022/12/09/0004', 'Ya', 0),
(32, 'FORM2022/12/09/0004', 'Tidak', 0),
(33, 'FORM2022/12/09/0004', 'NA', 0),
(34, 'FORM2022/12/09/0005', 'Ya', 0),
(35, 'FORM2022/12/09/0005', 'Tidak', 0),
(36, 'FORM2022/12/09/0005', 'NA', 0),
(37, 'FORM2022/12/09/0006', 'Ya', 0),
(38, 'FORM2022/12/09/0006', 'Tidak', 0),
(39, 'FORM2022/12/09/0006', 'NA', 0),
(40, 'FORM2022/12/09/0007', 'Ya', 0),
(41, 'FORM2022/12/09/0007', 'Tidak', 0),
(42, 'FORM2022/12/09/0007', 'NA', 0),
(43, 'FORM2022/12/09/0008', 'Ya', 0),
(44, 'FORM2022/12/09/0008', 'Tidak', 0),
(45, 'FORM2022/12/09/0008', 'NA', 0),
(46, 'FORM2022/12/09/0009', 'Ya', 0),
(47, 'FORM2022/12/09/0009', 'Tidak', 0),
(48, 'FORM2022/12/09/0009', 'NA', 0),
(49, 'FORM2022/12/09/0010', 'Ya', 0),
(50, 'FORM2022/12/09/0010', 'Tidak', 0),
(51, 'FORM2022/12/09/0010', 'NA', 0),
(52, 'FORM2022/12/09/0011', 'Ya', 0),
(53, 'FORM2022/12/09/0011', 'Tidak', 0),
(54, 'FORM2022/12/09/0011', 'NA', 0);

-- --------------------------------------------------------

--
-- Table structure for table `pegawai`
--

CREATE TABLE `pegawai` (
  `id` int(11) NOT NULL,
  `nik` varchar(20) NOT NULL,
  `nama` varchar(50) NOT NULL,
  `jk` enum('Pria','Wanita') NOT NULL,
  `jbtn` varchar(25) NOT NULL,
  `jnj_jabatan` varchar(5) NOT NULL,
  `kode_kelompok` varchar(3) NOT NULL,
  `kode_resiko` varchar(3) NOT NULL,
  `kode_emergency` varchar(3) NOT NULL,
  `departemen` char(4) NOT NULL,
  `bidang` varchar(15) NOT NULL,
  `stts_wp` char(5) NOT NULL,
  `stts_kerja` char(3) NOT NULL,
  `npwp` varchar(15) NOT NULL,
  `pendidikan` varchar(80) NOT NULL,
  `gapok` double NOT NULL,
  `tmp_lahir` varchar(20) NOT NULL,
  `tgl_lahir` date NOT NULL,
  `alamat` varchar(60) NOT NULL,
  `kota` varchar(20) NOT NULL,
  `mulai_kerja` date NOT NULL,
  `ms_kerja` enum('<1','PT','FT>1') NOT NULL,
  `indexins` char(4) NOT NULL,
  `bpd` varchar(50) NOT NULL,
  `rekening` varchar(25) NOT NULL,
  `stts_aktif` enum('AKTIF','CUTI','KELUAR','TENAGA LUAR') NOT NULL,
  `wajibmasuk` tinyint(4) NOT NULL,
  `pengurang` double NOT NULL,
  `indek` tinyint(4) NOT NULL,
  `mulai_kontrak` date DEFAULT NULL,
  `cuti_diambil` int(11) NOT NULL,
  `dankes` double NOT NULL,
  `photo` varchar(500) DEFAULT NULL,
  `no_ktp` varchar(20) NOT NULL,
  `password` varchar(255) NOT NULL DEFAULT '8cb2237d0679ca88db6464eac60da96345513964'
) ENGINE=InnoDB DEFAULT CHARSET=latin1 ROW_FORMAT=DYNAMIC;

--
-- Dumping data for table `pegawai`
--

INSERT INTO `pegawai` (`id`, `nik`, `nama`, `jk`, `jbtn`, `jnj_jabatan`, `kode_kelompok`, `kode_resiko`, `kode_emergency`, `departemen`, `bidang`, `stts_wp`, `stts_kerja`, `npwp`, `pendidikan`, `gapok`, `tmp_lahir`, `tgl_lahir`, `alamat`, `kota`, `mulai_kerja`, `ms_kerja`, `indexins`, `bpd`, `rekening`, `stts_aktif`, `wajibmasuk`, `pengurang`, `indek`, `mulai_kontrak`, `cuti_diambil`, `dankes`, `photo`, `no_ktp`, `password`) VALUES
(103, '197311102002121005', 'dr. Benny M.A. Pardede, Sp.B, FINACS', 'Pria', 'dr. Spesialis Bedah', '-', '-', '-', '-', 'RJ', 'Spesialis Bedah', '-', 'PNS', '-', 'DOKTER SPESIALIS BEDAH', 0, 'Pakkat', '1973-11-10', 'Perum Griya Anugerah BlokB3 Sektor 10 Solobaru 1/6', 'Gedangan Grogol Skh', '2019-06-01', '<1', 'IGD', 'T', '-', 'AKTIF', 0, 0, 0, '1900-01-01', 0, 0, 'pages/pegawai/photo/', '-', '8cb2237d0679ca88db6464eac60da96345513964'),
(104, 'DSB0002', 'dr. Arif Nurhidayat Prawirohardjo', 'Pria', 'Dokter Spesialis Bedah', '-', '-', '-', '-', '-', 'Spesialis Bedah', 'K/1', 'ASN', '766584452526000', 'DOKTER SPESIALIS BEDAH', 0, 'Surakarta', '1986-02-23', 'Jl. DR. Cipto Mangun Kusumo No.39 3/6 Mangkubumen', 'Surakarta', '2019-08-01', '<1', 'IGD', 'BPD', '3002440830', 'AKTIF', 0, 0, 0, '2019-08-01', 0, 0, 'pages/pegawai/photo/', '3312122302860001', '8cb2237d0679ca88db6464eac60da96345513964'),
(105, '196702041997031001', 'dr. Agus Nurohman, Sp. PD.', 'Pria', 'Dokter Spesialis Dalam', '-', '-', '-', '-', '-', 'Spesialis Dalam', '-', 'PNS', '-', 'DOKTER SPESIALIS BEDAH', 0, 'Brebes', '1967-02-04', 'Perum Pondok Permai Blok C No.21 07/09 Paulan', 'Colomadu Karanganyar', '2019-08-01', '<1', 'IGD', 'BPD', '-', 'AKTIF', 0, 0, 0, '1900-01-01', 0, 0, 'pages/pegawai/photo/', '-', '8cb2237d0679ca88db6464eac60da96345513964'),
(106, 'DSD0002', 'dr. Mellisa Kurniawati, Sp.PD', 'Wanita', 'Dokter Penyakit Dalam', '-', '-', '-', '-', '-', 'Spesialis Dalam', 'K/1', '-', '076295468026000', 'DOKTER SPESIALIS PENYAKIT DALAM', 0, 'Kendal', '1982-02-20', 'Balesari 1/5 Gayam, Sukoharjo', 'Sukoharjo', '2019-08-01', '<1', 'IGD', 'BPD', '3002418940', 'AKTIF', 5, 0, 0, '2019-08-01', 0, 0, 'pages/pegawai/photo/', '3311046002820003', '8cb2237d0679ca88db6464eac60da96345513964'),
(107, '197501132003122001', 'dr. Ani Suryanti Widiastuti, M.Kes, Sp.A', 'Wanita', 'Dokter Spesialis Anak', '-', '-', '-', '-', '-', 'Spesialis Anak', '-', '-', '-', 'DOKTER SPESIALIS ANAK', 0, 'Klaten', '1975-01-13', 'Jl.Bone Ulama 38 4/5 Banyuanyar Banjarsari', 'Surakarta', '1900-01-01', '<1', 'IGD', 'T', '-', 'AKTIF', 0, 0, 0, '1900-01-01', 0, 0, 'pages/pegawai/photo/', '-', '8cb2237d0679ca88db6464eac60da96345513964'),
(108, '197503292006042005', 'dr. Triswi Widyanti M R,M.Kes, Sp.A', 'Wanita', '-', '-', '-', '-', '-', '-', 'Spesialis Anak', '-', '-', '-', 'DOKTER SPESIALIS ANAK', 0, 'Karanganyar', '1975-03-29', 'Trowangsan 3/14 Malangjiwan Colomadu Karanganyar', 'Karanganyar', '1900-01-01', '<1', 'IGD', 'T', '-', 'AKTIF', 0, 0, 0, '1900-01-01', 0, 0, 'pages/pegawai/photo/', '-', '8cb2237d0679ca88db6464eac60da96345513964'),
(109, 'DSO0001', 'dr. Sandie Farina, Sp.OG', 'Wanita', 'Dokter Spesialis Obsgyn', '-', '-', '-', '-', '-', 'Spesialis Obgyn', 'TK/0', '-', '702736919027000', 'DOKTER SPESIALIS OBSTETRI DAN GINEKOLOGI', 0, 'Jakarta', '1981-03-23', 'Bendungan Jago 7/2 Serdang, Kemayoran', 'Jakarta Pusat', '2019-08-01', '<1', 'IGD', 'BPD', '3002437731', 'AKTIF', 5, 0, 0, '2019-08-01', 0, 0, 'pages/pegawai/photo/', '3171036003810001', '8cb2237d0679ca88db6464eac60da96345513964'),
(110, 'DSPK0001', 'dr. Kunti Dewi Saraswati, Sp.PK., M.Kes', 'Wanita', 'dr. Spesialis PK', '-', '-', '-', '-', '-', 'Patologi Klinis', '-', '-', '580022580526000', 'S2 KESEHATAN', 0, 'Sragen', '1969-12-16', 'Sondakan 3/4 Sondakan, Laweyan', 'Surakarta', '2019-08-01', '<1', 'IGD', 'BPD', '3002438045', 'AKTIF', 5, 0, 0, '2019-08-01', 0, 0, 'pages/pegawai/photo/', '3372015612690004', '8cb2237d0679ca88db6464eac60da96345513964'),
(111, '196601182002121002', 'dr. Agus Legowo', 'Pria', 'Dokter Umum', '-', '-', '-', '-', '-', '-', '-', '-', '-', 'PROFESI KEDOKTERAN', 0, 'SURAKARTA', '1966-01-18', 'Mojo RT 07 RW VII Kel. Mojo Kec. Pasar Kliwon', 'Surakarta', '2019-07-01', '<1', 'IGD', 'BPD', '-', 'AKTIF', 0, 0, 0, '1900-01-01', 0, 0, 'pages/pegawai/photo/', '-', '8cb2237d0679ca88db6464eac60da96345513964'),
(112, '196708082002122002', 'dr. Evi Suryaningsih', 'Wanita', 'Dokter Umum', '-', '-', '-', '-', '-', 'Dokter Umum', '-', '-', '-', 'PROFESI KEDOKTERAN', 0, 'Bangkalan', '1967-08-08', 'Jl.Tengger B.24 Josroyo Indah 14/20 Jaten Kra', 'Karanganyar', '1900-01-01', '<1', 'IGD', 'T', '-', 'AKTIF', 0, 0, 0, '1900-01-01', 0, 0, 'pages/pegawai/photo/', '-', '8cb2237d0679ca88db6464eac60da96345513964'),
(113, 'DSU0003', 'dr. Nafika Ikhwanudin', 'Pria', 'Dokter Umum', '-', '-', '-', '-', '-', 'Dokter Umum', 'TK/0', '-', '833150568528000', 'PROFESI KEDOKTERAN', 0, 'Sragen', '1990-02-13', '-', '-', '2019-08-01', '<1', 'IGD', 'BPD', '3002439203', 'AKTIF', 5, 0, 0, '2019-08-01', 0, 0, 'pages/pegawai/photo/', '3314011302900002', '8cb2237d0679ca88db6464eac60da96345513964'),
(114, 'DSU0004', 'dr. Nike Dwi Nindyasari', 'Wanita', 'Dokter Umum', '-', '-', '-', '-', '-', 'Dokter Umum', 'K/2', '-', '776113060005000', 'PROFESI KEDOKTERAN', 0, 'Dili', '1986-02-24', 'Jl. Kendeng No.17 Gremet 4/7 Manahan, Banjarsari', 'Surakarta', '2019-08-01', '<1', 'IGD', 'BPD', '3002439319', 'AKTIF', 5, 0, 0, '2019-08-01', 0, 0, 'pages/pegawai/photo/', '3372056402860001', '8cb2237d0679ca88db6464eac60da96345513964'),
(115, 'DSU0005', 'dr. Nur Dwi Fajarini', 'Wanita', 'Dokter Umum', '-', '-', '-', '-', '-', 'Dokter Umum', 'TK/0', '-', '759909633528000', 'PROFESI KEDOKTERAN', 0, 'Karanganyar', '1994-04-26', 'Tegalwinangun 1/13 Tegalgede, Karanganyar', 'Karanganyar', '2019-08-01', '<1', 'IGD', 'BPD', '3019270822', 'AKTIF', 0, 0, 0, '2019-10-01', 0, 0, 'pages/pegawai/photo/', '3313096604940002', '8cb2237d0679ca88db6464eac60da96345513964'),
(116, 'DSU0006', 'dr. Nurrasyidah', 'Wanita', 'Dokter Umum', '-', '-', '-', '-', '-', 'Dokter Umum', 'K/0', '-', '801704222523000', 'PROFESI KEDOKTERAN', 0, 'Banyumas', '1991-01-03', 'Manggis 3/12 Lalung, Karanganyar, Karanganyar', 'Karanganyar', '2019-08-01', '<1', 'IGD', 'BPD', '3002440511', 'AKTIF', 5, 0, 0, '2019-08-01', 0, 0, 'pages/pegawai/photo/', '3305124301910002', '8cb2237d0679ca88db6464eac60da96345513964'),
(117, 'DSU0007', 'dr. Siti Nurhidayah', 'Wanita', 'Dokter Umum', '-', '-', '-', '-', '-', 'Dokter Umum', 'TK/0', '-', '823003215526000', 'PROFESI KEDOKTERAN', 0, 'Karanganyar', '1993-05-26', 'Jetis 4/5 Kadipiro, Banjarsari, Surakarta', 'Surakarta', '1993-08-01', '<1', 'IGD', 'BPD', '3002439327', 'AKTIF', 5, 0, 0, '2019-08-01', 0, 0, 'pages/pegawai/photo/', '3372056605930002', '8cb2237d0679ca88db6464eac60da96345513964'),
(118, '196011071989012001', 'drg. Evy Sutrisno', 'Wanita', 'Dokter Gigi', '-', '-', '-', '-', '-', 'Dokter Gigi', '-', '-', '-', 'S1 PROFESI KEDOKTERAN GIGI', 0, 'Surakarta', '1960-11-07', 'Jl.Brigjen Katamso No.11 4/2 Tegalharjo Jebres Ska', 'Surakarta', '1900-01-01', '<1', 'IGD', 'T', '-', 'AKTIF', 0, 0, 0, '1900-01-01', 0, 0, 'pages/pegawai/photo/', '-', '8cb2237d0679ca88db6464eac60da96345513964'),
(119, '196007191989012002', 'drg. Siti Malichah', 'Wanita', 'Dokter Gigi', '-', '-', '-', '-', '-', 'Dokter Gigi', '-', '-', '-', 'S1 PROFESI KEDOKTERAN GIGI', 0, 'Surakarta', '1960-07-19', 'Jl.Teuku Umar No.60 Keprabon Banjarsai Ska', 'Surakarta', '0000-00-00', '<1', 'IGD', 'T', '-', 'AKTIF', 0, 0, 0, '1900-01-01', 0, 0, 'pages/pegawai/photo/', '-', '8cb2237d0679ca88db6464eac60da96345513964'),
(120, '196811182000031004', 'dr. WAHYU INDIANTO, M.H.', 'Pria', 'Direktur', '-', '-', '-', '-', 'MEN', 'Direktur', '-', '-', '-', '-', 0, '-', '1968-11-18', '-', '-', '0000-00-00', '<1', 'IGD', 'BPD', '-', 'AKTIF', 0, 0, 0, '0000-00-00', 0, 0, 'pages/pegawai/photo/', '-', '8cb2237d0679ca88db6464eac60da96345513964'),
(121, '196407271992031013', 'drg. BINTANG SETYA NUSANTARA', 'Pria', 'KaBid Yan Med', '-', '-', '-', '-', 'MEN', 'KaBid Yan Med', '-', '-', '-', 'S1 PROFESI KEDOKTERAN GIGI', 0, '-', '1964-07-27', '-', '-', '0000-00-00', '<1', 'IGD', 'BPD', '-', 'AKTIF', 0, 0, 0, '0000-00-00', 0, 0, 'pages/pegawai/photo/', '-', '8cb2237d0679ca88db6464eac60da96345513964'),
(122, '197111262005012007', 'drg. Ch. NOVITA INDRIANI, M.Kes.', 'Wanita', 'Ka Bid Penunjang', '-', '-', '-', '-', 'MEN', 'KaBid Penunjang', '-', '-', '-', 'S2 KESEHATAN', 0, '-', '1971-11-26', '-', '-', '0000-00-00', '<1', 'IGD', 'BPD', '-', 'AKTIF', 0, 0, 0, '0000-00-00', 0, 0, 'pages/pegawai/photo/', '-', '8cb2237d0679ca88db6464eac60da96345513964'),
(123, '196206081988011001', 'Drs. JUNIARTO', 'Pria', 'KaBag TU', '-', '-', '-', '-', 'MEN', 'KaBag TU', '-', '-', '-', '-', 0, '-', '1962-06-08', '-', '-', '0000-00-00', '<1', 'IGD', 'BPD', '-', 'AKTIF', 0, 0, 0, '0000-00-00', 0, 0, 'pages/pegawai/photo/', '-', '8cb2237d0679ca88db6464eac60da96345513964'),
(124, '198010262010011016', 'dr. Lilik Prabowo, MMR', 'Pria', 'KaSi Yan Med', '-', '-', '-', '-', 'MEN', 'KaSi Yan Med', '-', '-', '-', 'S2 MANAJAMEN RUMAH SAKIT', 0, '-', '1980-10-26', '-', '-', '0000-00-00', '<1', 'IGD', 'BPD', '-', 'AKTIF', 0, 0, 0, '0000-00-00', 0, 0, 'pages/pegawai/photo/', '-', '8cb2237d0679ca88db6464eac60da96345513964'),
(125, '197604272009021003', 'SUHARMANTO, SST', 'Pria', 'Pengelola Keperawatan', '-', '-', '-', '-', 'MEN', 'KaSiKeperawatan', '-', '-', '-', 'D4 SAINS TERAPAN', 0, '-', '1976-04-27', '-', '-', '0000-00-00', '<1', 'IGD', 'BPD', '-', 'AKTIF', 0, 0, 0, '0000-00-00', 0, 0, 'pages/pegawai/photo/', '-', '8cb2237d0679ca88db6464eac60da96345513964'),
(126, '198305062009022010', 'SITI SRI MULYANI, S.Farm.Apt', 'Wanita', 'KaSi Penungjang Medis', '-', '-', '-', '-', 'MEN', 'KaSi Medis', '-', '-', '-', 'PROFESI APOTEKER', 0, '-', '1983-05-06', '-', '-', '0000-00-00', '<1', 'IGD', 'BPD', '-', 'AKTIF', 0, 0, 0, '0000-00-00', 0, 0, 'pages/pegawai/photo/', '-', '8cb2237d0679ca88db6464eac60da96345513964'),
(127, '196405271992032003', 'ENY SUKARSINI, SKM', 'Wanita', 'KaSi PenunjangNonMedis', '-', '-', '-', '-', 'MEN', 'Kasi Non Medis', '-', '-', '-', 'S1 KESEHATAN MASYARAKAT', 0, '-', '1964-05-27', '-', '-', '0000-00-00', '<1', 'IGD', 'BPD', '-', 'AKTIF', 0, 0, 0, '0000-00-00', 0, 0, 'pages/pegawai/photo/', '-', '8cb2237d0679ca88db6464eac60da96345513964'),
(128, '197205091997022001', 'IKA NUR MAYORI, SKM', 'Wanita', 'KaSubBag Umum Kepegawaian', '-', '-', '-', '-', 'MEN', '-', '-', '-', '-', 'S1 KESEHATAN MASYARAKAT', 0, '-', '1972-05-09', '-', '-', '0000-00-00', '<1', 'IGD', 'BPD', '-', 'AKTIF', 0, 0, 0, '0000-00-00', 0, 0, 'pages/pegawai/photo/', '-', '8cb2237d0679ca88db6464eac60da96345513964'),
(129, '197901072005012011', 'LIYA ARYATI,SKM, Msi.', 'Pria', 'KaSubBag PEP', '-', '-', '-', '-', 'MEN', 'KaSubag PEP', '-', '-', '-', 'S2 SAINS', 0, '-', '1979-01-07', '-', '-', '0000-00-00', '<1', 'IGD', 'BPD', '-', 'AKTIF', 0, 0, 0, '0000-00-00', 0, 0, 'pages/pegawai/photo/', '-', '8cb2237d0679ca88db6464eac60da96345513964'),
(130, 'APT004', 'Noviana Wulansari S.Farm.Apt.', 'Wanita', 'Apoteker', '-', '-', '-', '-', '-', '-', 'TK/0', '-', '853670560526000', 'S1 APOTEKER', 0, 'Surakarta', '1985-11-24', 'Jl. Sumpah Pemuda No 88 Pundunggede 4/15 Kadipiro', 'Surakarta', '2019-06-01', '<1', 'IGD', 'BPD', '3110061713', 'AKTIF', 0, 0, 0, '2019-06-01', 0, 0, 'pages/pegawai/photo/', '3372056411850006', '8cb2237d0679ca88db6464eac60da96345513964'),
(133, '198512302009022013', 'IKA AGUSTINA, SE', 'Wanita', 'KaSubBag Keuangan', '-', '-', '-', '-', 'MEN', 'KaSuBagKeuangan', '-', '-', '-', 'S1 EKONOMI', 0, '-', '1985-12-30', '-', '-', '0000-00-00', '<1', 'IGD', 'BPD', '-', 'AKTIF', 0, 0, 0, '0000-00-00', 0, 0, 'pages/pegawai/photo/', '-', '8cb2237d0679ca88db6464eac60da96345513964'),
(134, 'Bendahara', 'NANI WIDYASTUTI, S.E', 'Wanita', 'Bendahara', '-', '-', '-', '-', 'MEN', '-', '-', '-', '-', 'S1 EKONOMI', 0, '-', '0000-00-00', '-', '-', '0000-00-00', '<1', 'IGD', 'BPD', '-', 'AKTIF', 0, 0, 0, '0000-00-00', 0, 0, 'pages/pegawai/photo/', '-', '8cb2237d0679ca88db6464eac60da96345513964'),
(153, 'APT001', 'Nanik Purnami, S. Farm., Apt', 'Wanita', 'Apoteker', '-', '-', '-', '-', '-', '-', 'K/1', '-', '661504142526000', 'PROFESI APOTEKER', 0, 'Surakarta', '1990-04-10', 'Petoran 2/8 Jebres, Jebres, Surakarta', '-Surakarta', '2019-06-01', '<1', 'IGD', 'BPD', '3110061993', 'AKTIF', 0, 0, 0, '2019-06-01', 0, 0, 'pages/pegawai/photo/', '3372015004900001', '8cb2237d0679ca88db6464eac60da96345513964'),
(154, 'APT002', 'Fitria Anggrahini Sri Mardina, S.Farm, Apt.', 'Wanita', 'Apoteker', '-', '-', '-', '-', '-', '-', 'K/2', '-', '813516143526000', 'PROFESI APOTEKER', 0, 'Surakarta', '1983-07-18', 'Jl. Bungur 8/No.11 4/5 Punggawan, Banjarsari', 'Surakarta', '2019-06-01', '<1', 'IGD', 'BPD', '3002354631', 'AKTIF', 0, 0, 0, '2019-06-01', 0, 0, 'pages/pegawai/photo/', '3372055807830003', '8cb2237d0679ca88db6464eac60da96345513964'),
(155, 'APT003', 'Mila Rahmawati, S. Farm., Apt', 'Wanita', 'Apoteker', '-', '-', '-', '-', '-', '-', 'K/2', '-', '700391485526000', 'PROFESI APOTEKER', 0, 'Semarang', '1988-10-12', 'Ngoresan 2/18 Jebres, Jebres, Surakarta', 'Surakarta', '2019-06-01', '<1', 'IGD', 'BPD', '3002360381', 'AKTIF', 0, 0, 0, '2019-06-01', 0, 0, 'pages/pegawai/photo/', '3372045210880002', '8cb2237d0679ca88db6464eac60da96345513964'),
(157, 'AA001', 'Ayu Ovita Wulan Winanti, A.Md. Farm.', 'Wanita', 'Asisten Apoteker', '-', '-', '-', '-', '-', '-', 'K/1', '-', '922390422532000', 'D3 FARMASI', 0, 'Sukoharjo', '1994-09-29', 'Ngunut 3/10 Sonorejo, Sukoharjo', 'Sukoharjo', '2019-07-22', '<1', 'IGD', 'BPD', '3002437804', 'AKTIF', 0, 0, 0, '2019-07-22', 0, 0, 'pages/pegawai/photo/', '3311046909940001', '8cb2237d0679ca88db6464eac60da96345513964'),
(159, 'AA002', 'Iga Ayu Safitri, A.Md., Farm.', 'Wanita', 'Asisten Apoteker', '-', '-', '-', '-', '-', '-', 'TK/0', '-', '816808042526000', 'D3 FARMASI', 0, 'Surakarta', '1992-07-05', 'Nirbitan 2/1 Tipes, Serengan, Surakarta', 'Surakarta', '2019-07-22', '<1', 'IGD', 'BPD', '3002334207', 'AKTIF', 0, 0, 0, '2019-07-22', 0, 0, 'pages/pegawai/photo/', '3372024507920002', '8cb2237d0679ca88db6464eac60da96345513964'),
(160, 'AA003', 'Ika Wulandari, A.Md. Farm.', 'Wanita', 'Asisten Apoteker', '-', '-', '-', '-', '-', '-', 'TK/0', '-', '833621840447000', 'D3 FARMASI', 0, 'Sragen', '1993-06-10', 'Gumantar 9/4 Pelemgadung, Karangmalang, Sragen', 'Sragen', '2019-07-22', '<1', 'IGD', 'BPD', '3002416360', 'AKTIF', 0, 0, 0, '2019-07-22', 0, 0, 'pages/pegawai/photo/', '3314095006930003', '8cb2237d0679ca88db6464eac60da96345513964'),
(161, 'AA004', 'Imas Afifah, A.Md., Farm', 'Wanita', 'Asisten Apoteker', '-', '-', '-', '-', '-', '-', 'K/0', '-', '922246137526000', 'D3 FARMASI', 0, 'Sukoharjo', '1996-01-07', 'Dawung Wetan 2/12 Danukusuman, Serengan', 'Surakarta', '2019-07-22', '<1', 'IGD', 'BPD', '3002438959', 'AKTIF', 0, 0, 0, '2019-07-22', 0, 0, 'pages/pegawai/photo/', '3311124701950002', '8cb2237d0679ca88db6464eac60da96345513964'),
(162, 'AA005', 'Linggar Safrida, A.Md. Farm.', 'Wanita', 'Asisten Apoteker', '-', '-', '-', '-', '-', '-', 'TK/0', '-', '846685311526000', 'D3 FARMASI', 0, 'Surakarta', '1996-04-20', 'Semanggi 1/14 Semanggi, Pasar Kliwon', 'Surakarta', '2019-07-22', '<1', 'IGD', 'BPD', '3076066301', 'AKTIF', 0, 0, 0, '2019-07-22', 0, 0, 'pages/pegawai/photo/', '3372036004960003', '8cb2237d0679ca88db6464eac60da96345513964'),
(163, 'AA006', 'Maris Sholekhati, A.Md. Farm.', 'Wanita', 'Asisten Apoteker', '-', '-', '-', '-', '-', '-', 'TK/0', '-', '861118073525000', 'D3 FARMASI', 0, 'Klaten', '1996-06-06', 'Ngekel 1/3 Tlogorandu, Juwiring, Klaten', 'Klaten', '2019-07-22', '<1', 'IGD', 'BPD', '3002437979', 'AKTIF', 0, 0, 0, '2019-07-22', 0, 0, 'pages/pegawai/photo/', '3310144606950001', '8cb2237d0679ca88db6464eac60da96345513964'),
(164, 'AA007', 'Marvita, A.Md. Farm.', 'Wanita', 'Asisten Apoteker', '-', '-', '-', '-', '-', '-', 'TK/0', '-', '999992203652052', 'D3 FARMASI', 0, 'Surakarta', '1991-03-18', 'Jageran 2/5 Ketelan, Banjarsari, Surakarta', 'Surakarta', '2019-07-22', '<1', 'IGD', 'BPD', '3002252430', 'AKTIF', 0, 0, 0, '2019-07-22', 0, 0, 'pages/pegawai/photo/', '3372055803910002', '8cb2237d0679ca88db6464eac60da96345513964'),
(165, 'AA008', 'Nurun Al Najmah, A.Md. Farm.', 'Wanita', 'Asisten Apoteker', '-', '-', '-', '-', '-', '-', 'TK/0', '-', '922522701505000', 'D3 FARMASI', 0, 'Kab. Semarang', '1996-07-02', 'Wahyurejo 2/7 Pringapus, Pringapus, Kab. Semarang', 'Semarang', '2019-07-22', '<1', 'IGD', 'BPD', '3002439335', 'AKTIF', 0, 0, 0, '1996-07-22', 0, 0, 'pages/pegawai/photo/', '3322154207960004', '8cb2237d0679ca88db6464eac60da96345513964'),
(167, 'AA009', 'Shinta Rahmawati, A.Md.Farm', 'Wanita', 'Asisten Apoteker', '-', '-', '-', '-', '-', '-', 'K/0', '-', '758518344526000', 'D3 FARMASI', 0, 'Surakarta', '1992-12-16', 'Gebang 6/25 Kadipiro, Banjarsari, Surakarta', 'Surakarta', '2019-07-22', '<1', 'IGD', 'BPD', '3002437961', 'AKTIF', 0, 0, 0, '2019-07-22', 0, 0, 'pages/pegawai/photo/', '3372045612920003', '8cb2237d0679ca88db6464eac60da96345513964'),
(169, 'AA0010', 'Suci Muslikah Fatmawati, A.Md.Farm.', 'Wanita', 'Asisten Apoteker', '-', '-', '-', '-', '-', '-', 'TK/0', '-', '865456149532000', 'D3 FARMASI', 0, 'Sukoharjo', '1997-07-26', 'Larangan 4/4 Gayam, Sukoharjo', 'Sukoharjo', '2019-07-22', '<1', 'IGD', 'BPD', '3002439262', 'AKTIF', 0, 0, 0, '2019-07-22', 0, 0, 'pages/pegawai/photo/', '3311046607970001', '8cb2237d0679ca88db6464eac60da96345513964'),
(170, 'AA0011', 'Shinta Bella Paramitha, A.Md.Farm', 'Wanita', 'Asisten Apoteker', '-', '-', '-', '-', '-', '-', 'TK/0', '-', '927573717528000', 'D3 FARMASI', 0, 'Karanganyar', '1997-05-30', 'Dagen 1/11 Dagen, Jaten, Karanganyar', 'Karanganyar', '2019-09-03', '<1', 'IGD', 'BPD', '3002442875', 'AKTIF', 0, 0, 0, '2019-09-03', 0, 0, 'pages/pegawai/photo/', '3313117005970002', '8cb2237d0679ca88db6464eac60da96345513964'),
(174, 'AA012', 'Dewi Wahyu Wulandari, A.Md.Farm', 'Wanita', 'Asisten Apoteker', '-', '-', '-', '-', '-', '-', 'TK/0', '-', '764968905527000', 'D3 FARMASI', 0, 'Surakarta', '1995-06-17', 'Kelipan 1/7 Gagagsipat, Ngemplak, Boyolali', 'Boyolali', '2019-09-03', '<1', 'IGD', 'BPD', '3002442867', 'AKTIF', 0, 0, 0, '2019-09-03', 0, 0, 'pages/pegawai/photo/', '3309115706950012', '8cb2237d0679ca88db6464eac60da96345513964'),
(175, 'AA013', 'Genta Putra Wahyu Perdana, A.Md.Farm', 'Pria', 'Asisten Apoteker', '-', '-', '-', '-', '-', '-', 'TK/0', '-', '909968042532000', 'D3 FARMASI', 0, 'Sukoharjo', '1997-04-17', 'Sanggung 2/2 Gatak, Sukoharjo', 'Sukoharjo', '2019-09-03', '<1', 'IGD', 'BPD', '3002442883', 'AKTIF', 0, 0, 0, '2019-09-03', 0, 0, 'pages/pegawai/photo/', '3311111704970001', '8cb2237d0679ca88db6464eac60da96345513964'),
(176, '198209272014062002', 'Dewi Rahmawati, Amd. Keb.', 'Wanita', 'BIDAN', '-', '-', '-', '-', '-', '-', 'K/2', 'PNS', '898631197505000', 'D3 KEBIDANAN', 0, 'Ponorogo', '1982-09-27', 'Langensari Barat 6/6 Langensari, Ungaran Barat', 'Semarang', '2019-06-01', '<1', 'IGD', 'BPD', '-', 'AKTIF', 0, 0, 0, '0000-00-00', 0, 0, 'pages/pegawai/photo/', '3322096709820001', '8cb2237d0679ca88db6464eac60da96345513964'),
(177, '198302012003122002', 'ARI LESTIYANINGSIH, AM Keb.', 'Wanita', 'Bidan', '-', '-', '-', '-', '-', 'Bidan', '-', '-', '-', 'D3 KEBIDANAN', 0, '-', '1983-02-01', '-', '-', '0000-00-00', '<1', 'IGD', 'BPD', '-', 'AKTIF', 0, 0, 0, '0000-00-00', 0, 0, 'pages/pegawai/photo/', '-', '8cb2237d0679ca88db6464eac60da96345513964'),
(179, '198408042010012030', 'Masruroh, Amd, Keb.', 'Wanita', 'BIDAN', '-', '-', '-', '-', '-', '-', '-', '-', '-', '-', 0, '-', '1984-08-04', '-', '-', '0000-00-00', '<1', 'IGD', 'BPD', '-', 'AKTIF', 0, 0, 0, '0000-00-00', 0, 0, 'pages/pegawai/photo/', '-', '8cb2237d0679ca88db6464eac60da96345513964'),
(180, '197008082009022001', 'Mudrikah, S.ST', 'Wanita', 'Kepala Ruang', '-', '-', '-', '-', 'RNAP', 'Perawat', 'K/2', 'PNS', '790404248532000', 'S1 PERAWAT', 0, 'Boyolali', '1970-08-08', 'Kuyudan 3/5 Makamhaji, Kartasura, Sukoharjo', 'Sukoharjo', '0000-00-00', '<1', 'RJ', 'BPD', '-', 'AKTIF', 0, 0, 0, '0000-00-00', 0, 0, 'pages/pegawai/photo/', '3311124808700003', '8cb2237d0679ca88db6464eac60da96345513964'),
(182, '197806032009021002', 'Thoyib Haryono, S.ST', 'Pria', 'Kepala Ruang', '-', '-', '-', '-', 'IGD', 'Perawat', 'K/2', 'PNS', '790419394528000', 'S1 PERAWAT', 0, 'Karanganyar', '1978-06-03', 'Mlandang 3/7 Kedungjeruk, Mojogedang, Karanganyar', 'Karanganyar', '0000-00-00', '<1', 'IGD', 'BPD', '-', 'AKTIF', 0, 0, 0, '0000-00-00', 0, 0, 'pages/pegawai/photo/', '3313150306780007', '8cb2237d0679ca88db6464eac60da96345513964'),
(183, '197802062010011017', 'Dwi Suparno,S.Kep.Ns', 'Pria', 'Kepala Ruang', '-', '-', '-', '-', 'RJ', 'Perawat', 'K/2', 'PNS', '674568910532000', 'S1 PERAWAT', 0, '', '2019-10-09', 'Tega;lsari 2/1 Bulakrejo sukoharjo', 'Sukoharjo', '0000-00-00', '<1', 'RJ', 'BPD', '-', 'AKTIF', 0, 0, 0, '0000-00-00', 0, 0, 'pages/pegawai/photo/', '3311040602780003', '8cb2237d0679ca88db6464eac60da96345513964'),
(184, '197107111995032001', 'Fatmawati, Amd.KG', 'Wanita', 'Perawat Gigi', '-', '-', '-', '-', '-', 'Perawat Gigi', '-', '-', '-', '-', 0, '-', '1971-07-11', '-', '-', '0000-00-00', '<1', 'IGD', 'BPD', '-', 'AKTIF', 0, 0, 0, '0000-00-00', 0, 0, 'pages/pegawai/photo/', '-', '8cb2237d0679ca88db6464eac60da96345513964'),
(185, '198110052009021008', 'Tutut Ristiawan, SST', 'Pria', 'Kepala Ruang', '-', '-', '-', '-', '-', 'Perawat', '-', '-', '-', '-', 0, '-', '1981-10-05', '-', '-', '0000-00-00', '<1', 'IGD', 'BPD', '-', 'AKTIF', 0, 0, 0, '0000-00-00', 0, 0, 'pages/pegawai/photo/', '-', '8cb2237d0679ca88db6464eac60da96345513964'),
(186, '198010232006042015', 'Nurul Muslimah, Amd.Gz', 'Wanita', 'Nutrisionis', '-', '-', '-', '-', '-', 'Nutrisionis', '-', 'PNS', '-', '-', 0, '-', '1980-10-23', '-', '-', '0000-00-00', '<1', 'IGD', 'BPD', '-', 'AKTIF', 0, 0, 0, '0000-00-00', 0, 0, 'pages/pegawai/photo/', '-', '8cb2237d0679ca88db6464eac60da96345513964'),
(187, '198804052010012011', 'Evi Kusuma Wardhani, Amd.Keb.', 'Wanita', 'Bidan', '-', '-', '-', '-', '-', '-', '-', '-', '-', 'D3 KEBIDANAN', 0, '-', '1988-04-05', '-', '-', '0000-00-00', '<1', 'IGD', 'BPD', '-', 'AKTIF', 0, 0, 0, '0000-00-00', 0, 0, 'pages/pegawai/photo/', '-', '8cb2237d0679ca88db6464eac60da96345513964'),
(188, '198705042010012013', 'Putri Widyaningrum, Amd, Keb.', 'Wanita', 'Bidan', '-', '-', '-', '-', '-', '-', '-', '-', '-', '-', 0, '-', '1987-05-04', '-', '-', '0000-00-00', '<1', 'IGD', 'BPD', '-', 'AKTIF', 0, 0, 0, '0000-00-00', 0, 0, 'pages/pegawai/photo/', '-', '8cb2237d0679ca88db6464eac60da96345513964'),
(189, '197911192011012003', 'Tantri Nofitasari, S.Gz', 'Wanita', 'Nutrisionis', '-', '-', '-', '-', '-', 'Nutrisionis', 'K/2', 'PNS', '141496745821000', '-', 0, 'Klaten', '1979-11-19', 'Perum Tamanwinangun Indah B.49 1/10 Tamanwinangun', 'Kebumen', '2019-07-25', '<1', 'IGD', 'BPD', '-', 'AKTIF', 0, 0, 0, '0000-00-00', 0, 0, 'pages/pegawai/photo/', '3404015911790004', '8cb2237d0679ca88db6464eac60da96345513964'),
(194, 'P3', 'Agus Sofyan Iskandar, A.mk', 'Pria', 'Perawat', '-', '-', '-', '-', '-', 'Perawat', 'K/1', '-', '921905055528000', 'D3 PERAWAT', 0, 'Karanganyar', '1983-04-10', 'Pengin Lor Rt 02 RW 09, Macanan, Kebakkramat', 'Karanganyar', '2019-07-22', '<1', 'IGD', 'BPD', '3002439165', 'AKTIF', 0, 0, 0, '2019-07-22', 0, 0, 'pages/pegawai/photo/', '3313141004830001', '8cb2237d0679ca88db6464eac60da96345513964'),
(195, '199412162020122016', 'Dessy Intansari Widyaningrum, S.Tr.Kep', 'Wanita', 'Penata Anestesi', '-', '-', '-', '-', '-', '-', '-', '-', '922333802525000', '-', 0, 'Klaten', '1994-12-16', 'Geneng 23/12 Leses, Manisrenggo, Klaten', 'Klaten', '2019-07-22', '<1', 'IGD', 'BPD', '3010250667', 'AKTIF', 0, 0, 0, '2019-07-22', 0, 0, 'pages/pegawai/photo/', '3310095612940001', '8cb2237d0679ca88db6464eac60da96345513964'),
(196, 'P103', 'Sri Handayani, A.md.Kep', 'Wanita', 'Perawat', '-', '-', '-', '-', '-', 'Perawat', 'K/0', '-', '449082940532000', 'D3 PERAWAT', 0, 'Sukoharjo', '1989-11-30', 'Banglor Rt 01 RW 8, Mancasan, Baki', 'Sukoharjo', '2019-07-22', '<1', 'IGD', 'BPD', '3002437391', 'AKTIF', 0, 0, 0, '2019-07-22', 0, 0, 'pages/pegawai/photo/', '3311097011890004', '8cb2237d0679ca88db6464eac60da96345513964'),
(197, 'P89', 'Rindy Ayu Budiarti', 'Wanita', 'Perawat', '-', '-', '-', '-', '-', 'Perawat', 'TK/0', '-', '922326954526000', 'D3 PERAWAT', 0, 'Surakarta', '1994-08-26', 'Tawangsari Rt 03 RW 34, Mojosongo, Jebres', 'Surakarta', '2019-07-22', '<1', 'IGD', 'BPD', '3002437669', 'AKTIF', 0, 0, 0, '2019-07-22', 0, 0, 'pages/pegawai/photo/', '3372046608940001', '8cb2237d0679ca88db6464eac60da96345513964'),
(198, 'P125', 'Rezky Putro Utomo AMK', 'Pria', 'Perawat', '-', '-', '-', '-', '-', 'Perawat', 'TK/0', '-', '922178157526000', 'D3 PERAWAT', 0, 'Surakarta', '1996-03-16', 'Pucangsawit Rt 03 Rw 15, Jebres, Surakarta', 'Surakarta', '2019-07-22', '<1', 'IGD', 'BPD', '3002439025', 'AKTIF', 0, 0, 0, '2019-07-21', 0, 0, 'pages/pegawai/photo/', '3372041603960003', '8cb2237d0679ca88db6464eac60da96345513964'),
(199, 'MN170', 'Ariesta Fitrianto, S.Kom', 'Pria', 'Pengelola Teknologi', '-', '-', '-', '-', '-', 'IT', 'TK/0', '-', '-', '-', 0, 'Surakarta', '1995-04-01', 'Garen 2/4 Pandeyan, Ngemplak, Boyolali', 'Boyolali', '2019-09-03', '<1', 'IGD', 'BPD', '3002442841', 'AKTIF', 0, 0, 0, '2019-09-03', 0, 0, 'pages/pegawai/photo/', '3309110104950002', '8cb2237d0679ca88db6464eac60da96345513964'),
(200, 'BD001', 'Novela Cahyaning Saputri, Amd.Keb', 'Wanita', 'Perawat', '-', '-', '-', '-', '-', 'Bidan', 'K/1', '-', '243603065526000', '-', 0, 'Boyolali', '1992-05-20', 'Sukorejo Rt 06 RW 30, Kadipiro, Banjarsari', 'Surakarta', '2019-07-21', '<1', 'IGD', 'BPD', '3002361727', 'AKTIF', 0, 0, 0, '2019-07-21', 0, 0, 'pages/pegawai/photo/', '3309106005920003', '8cb2237d0679ca88db6464eac60da96345513964'),
(201, 'Tek98', 'Yohan Adi Suseno', 'Pria', 'Teknisi', '-', '-', '-', '-', '-', '-', 'TK/0', '-', '-', '-', 0, 'Surakarta', '1986-03-03', 'Pucangsawit 1/1 Pucangsawit, Jebres, Surakarta', 'Surakarta', '2019-05-01', '<1', 'IGD', 'BPD', '3076065178', 'AKTIF', 0, 0, 0, '2019-05-01', 0, 0, 'pages/pegawai/photo/', '3372040303860001', '8cb2237d0679ca88db6464eac60da96345513964'),
(202, 'P11', 'Ardi Setya Mahardika, A.Md. Kep', 'Pria', 'Perawat', '-', '-', '-', '-', '-', 'Perawat', 'K/1', '-', '922194626526000', 'D3 PERAWAT', 0, 'Surakarta', '1992-10-13', 'Sumber Rt 03 RW 06, Sumber, Banjarsari', 'Surakarta', '2019-07-23', '<1', 'IGD', 'BPD', '3002439254', 'AKTIF', 0, 0, 0, '2019-07-24', 0, 0, 'pages/pegawai/photo/', '3372051310920007', '8cb2237d0679ca88db6464eac60da96345513964'),
(203, 'Tek97', 'Adhitya Wijaya', 'Pria', 'Teknisi', '-', '-', '-', '-', '-', '-', 'TK/0', '-', '-', '-', 0, 'Surakarta', '1993-06-08', 'Pucangsawit 4/10 Pucangsawit, Jebres, Surakarta', 'Surakarta', '2019-05-01', '<1', 'IGD', 'BPD', '3076065151', 'AKTIF', 0, 0, 0, '2019-05-01', 0, 0, 'pages/pegawai/photo/', '3372040806930001', '8cb2237d0679ca88db6464eac60da96345513964'),
(204, 'P30', 'Devianti Kristianingrum Wibowo', 'Wanita', 'Perawat', '-', '-', '-', '-', '-', 'Perawat', 'K/0', '-', '803450840526000', 'D3 PERAWAT', 0, 'Surakarta', '1994-12-29', 'Sidodadi Rt 02 RW 01, Pajang, Laweyan', 'Surakarta', '2019-07-21', '<1', 'IGD', 'BPD', '3002437651', 'AKTIF', 0, 0, 0, '2019-07-22', 0, 0, 'pages/pegawai/photo/', '3372016912940002', '8cb2237d0679ca88db6464eac60da96345513964'),
(205, 'MN96', 'Lafenia Merta Tri Utami, S.Kom', 'Wanita', 'IT', '-', '-', '-', '-', 'IT', 'IT', 'TK/0', '-', '3002435739', '-', 0, 'Klaten', '1996-03-21', 'Tipes 3/14 Tipes, Serengan, Surakarta', 'Surakarta', '2019-06-01', '<1', 'IGD', 'BPD', '3002435739', 'AKTIF', 0, 0, 0, '2019-06-01', 0, 0, 'pages/pegawai/photo/', '3372026103960004', '8cb2237d0679ca88db6464eac60da96345513964'),
(206, 'P127', 'Aditya Agung Nugroho, Amd. Kep', 'Pria', 'Perawat', '-', '-', '-', '-', '-', 'Perawat', 'K/0', '-', '823957964528000', 'D3 PERAWAT', 0, 'Karanganyar', '1994-07-29', 'Jetis Rt 06 RW 03, Suruh, Tasikmadu', 'Karanganyar', '2019-07-21', '<1', 'IGD', 'BPD', '3002370793', 'AKTIF', 0, 0, 0, '2019-07-22', 0, 0, 'pages/pegawai/photo/', '3313102907940001', '8cb2237d0679ca88db6464eac60da96345513964'),
(207, 'P117', 'Yunita Sari', 'Wanita', 'Perawat', '-', '-', '-', '-', '-', 'Perawat', 'TK/0', '-', '922146865526000', 'D3 PERAWAT', 0, 'Surakarta', '1994-06-27', 'Pucang Sawit RT 03 RW 13, Jebres', 'Surakarta', '2019-07-21', '<1', 'IGD', 'BPD', '3002439092', 'AKTIF', 0, 0, 0, '2019-07-22', 0, 0, 'pages/pegawai/photo/', '3372046706940001', '8cb2237d0679ca88db6464eac60da96345513964'),
(208, 'MN91', 'Rusdi Saleh, A.Md', 'Pria', 'Pengelola Kehumasan', '-', '-', '-', '-', '-', '-', 'K/0', '-', '916487861532000', '-', 0, 'Surakarta', '1993-10-11', 'Aspol Panularan 6/7 Panularan, Laweyan, Surakarta', 'Surakarta', '2019-07-22', '<1', 'IGD', 'BPD', '3002439238', 'AKTIF', 0, 0, 0, '2019-07-22', 0, 0, 'pages/pegawai/photo/', '3311101110930003', '8cb2237d0679ca88db6464eac60da96345513964'),
(209, 'MN81', 'Su`udiyah Baarik, S.K.M', 'Wanita', 'Peny Renc Monev & Akred', '-', '-', '-', '-', '-', '-', '-', '-', '742145170526000', '-', 0, 'Surakarta', '1986-01-22', 'Sukomulyo 4/6 Kadipiro, Banjarsari, Surakarta', 'Surakarta', '2019-07-22', '<1', 'IGD', 'BPD', '3002437448', 'AKTIF', 0, 0, 0, '2019-07-22', 0, 0, 'pages/pegawai/photo/', '3372056201860005', '8cb2237d0679ca88db6464eac60da96345513964'),
(210, 'Tek44', 'Heri Waskito, A.Md', 'Pria', 'Teknisi SarPras', '-', '-', '-', '-', '-', '-', '-', '-', '807595814526000', '-', 0, 'Surakarta', '1995-01-11', 'Margorejo 1/3 Banyuanyar, Banjarsari, Surakarta', 'Surakarta', '2019-07-22', '<1', 'IGD', 'BPD', '3110065034', 'AKTIF', 0, 0, 0, '1995-07-22', 0, 0, 'pages/pegawai/photo/', '3372051101950001', '8cb2237d0679ca88db6464eac60da96345513964'),
(211, 'MN40', 'Fisna Ervantika Gunaviani, S.Kep., Ners', 'Wanita', 'Pengelola Keperawatan', '-', '-', '-', '-', '-', 'Pengelola Keper', 'TK/0', '-', '810167213527000', '-', 0, 'Boyolali', '1993-05-01', 'Kupo 1/6 Gladagsari, Ampel, Boyolali', 'Boyolali', '2019-07-22', '<1', 'IGD', 'BPD', '3038006818', 'AKTIF', 0, 0, 0, '2019-07-22', 0, 0, 'pages/pegawai/photo/', '3309024105930002', '8cb2237d0679ca88db6464eac60da96345513964'),
(212, 'P49', 'Heri Rustamaji, A.MK', 'Pria', 'Perawat', '-', '-', '-', '-', '-', 'Perawat', 'K/1', '-', '473196442646000', 'D3 PERAWAT', 0, 'Magetan', '1983-12-16', 'Jl. Muh Yamin No 156, Laweyan', 'Surakarta', '2019-07-21', '<1', 'IGD', 'BPD', '3002439190', 'AKTIF', 0, 0, 0, '2019-07-21', 0, 0, 'pages/pegawai/photo/', '3520011612830001', '8cb2237d0679ca88db6464eac60da96345513964'),
(213, 'P115', 'Yulinda Anggraeni, A.Md. Kep', 'Wanita', 'Perawat', '-', '-', '-', '-', '-', 'Perawat', 'TK/0', '-', '922140587526000', 'D3 PERAWAT', 0, 'Magelang', '1996-07-19', 'Cinderejo Rt 07 RW 05, Gilingan, Banjarsari', 'Surakarta', '2019-07-22', '<1', 'IGD', 'BPD', '3002437596', 'AKTIF', 0, 0, 0, '2019-07-22', 0, 0, 'pages/pegawai/photo/', '3372054507960006', '8cb2237d0679ca88db6464eac60da96345513964'),
(214, 'PJ006', 'Vallah Sadan Rullas', 'Pria', 'Pranata Jamuan', '-', '-', '-', '-', '-', '-', 'TK/0', '-', '922003751526000', '-', 0, 'Surakarta', '2001-04-08', 'Jl. Srigunting 4 2/11 Manahan, Banjarsari', 'Surakarta', '2019-07-22', '<1', 'IGD', 'BPD', '3002439271', 'AKTIF', 0, 0, 0, '2019-07-22', 0, 0, 'pages/pegawai/photo/', '3372050804010004', '8cb2237d0679ca88db6464eac60da96345513964'),
(215, 'P21', 'Bella Puspitasari, Amd. Kep', 'Wanita', 'Perawat', '-', '-', '-', '-', '-', 'Perawat', 'TK/0', '-', '922174784526000', 'D3 PERAWAT', 0, 'Surakarta', '1995-11-13', 'Jl. Brigjend Katamso No 167 Rt 01 RW 32, Mojosongo', 'Surakarta', '2019-07-21', '<1', 'IGD', 'BPD', '3002437413', 'AKTIF', 0, 0, 0, '2019-07-22', 0, 0, 'pages/pegawai/photo/', '3372045311950003', '8cb2237d0679ca88db6464eac60da96345513964'),
(216, 'PJ005', 'Ufey Laila Qadri', 'Pria', 'Pranata Jamuan', '-', '-', '-', '-', '-', '-', 'TK/0', '-', '922039797526000', '-', 0, 'Surakarta', '1999-12-31', 'Kampung Sewu 3/3 Sewu, Jebres, Surakarta', 'Surakarta', '2019-07-22', '<1', 'IGD', 'BPD', '3076066310', 'AKTIF', 0, 0, 0, '2019-07-22', 0, 0, 'pages/pegawai/photo/', '3372047112990001', '8cb2237d0679ca88db6464eac60da96345513964'),
(217, 'PJ004', 'Julia Hana Pradita', 'Wanita', 'Pranata Jamuan', '-', '-', '-', '-', '-', '-', 'TK/0', '-', '922151808526000', '-', 0, 'Surakarta', '2000-07-09', 'Semanggi 7/5 Semanggi, Pasar Kliwon, Surakarta', 'Surakarta', '2019-07-22', '<1', 'IGD', 'BPD', '3002439297', 'AKTIF', 0, 0, 0, '2019-07-22', 0, 0, 'pages/pegawai/photo/', '3372034907000004', '8cb2237d0679ca88db6464eac60da96345513964'),
(218, 'P134', 'Widya Nur Anggraini', 'Wanita', 'Perawat', '-', '-', '-', '-', '-', 'Perawat', 'TK/0', '-', '902290881526000', 'D3 PERAWAT', 0, 'Surakarta', '1991-08-08', 'Bibis Baru RT 04 RW 23, Nusukan, Banjarsari', 'Surakarta', '2019-09-02', '<1', 'IGD', 'BPD', '3002442808', 'AKTIF', 0, 0, 0, '2019-09-02', 0, 0, 'pages/pegawai/photo/', '337205488910006', '8cb2237d0679ca88db6464eac60da96345513964'),
(219, 'MN26', 'Dewi Ambarwati Ningsih, A.Md', 'Wanita', 'Pengelola Rumah Tangga', '-', '-', '-', '-', '-', '-', 'TK/0', '-', '089335111525000', '-', 0, 'Klaten', '1981-11-20', 'Srago 2/9 Pasung, Wedi, Klaten', 'Klaten', '2019-07-22', '<1', 'IGD', 'BPD', '3310036011810002', 'AKTIF', 0, 0, 0, '2019-07-22', 0, 0, 'pages/pegawai/photo/', '3310036011810002', '8cb2237d0679ca88db6464eac60da96345513964'),
(220, 'PJ002', 'Bunga Megawati', 'Wanita', 'Pranata Jamuan', '-', '-', '-', '-', '-', '-', 'TK/0', '-', '922044235522600', '-', 0, 'Surakarta', '2001-09-11', 'Jl. Abdul Muis 21 A 2/6 Setabelan, Banjarsari', 'Surakarta', '2019-07-22', '<1', 'IGD', 'BPD', '3110065018', 'AKTIF', 0, 0, 0, '2019-07-22', 0, 0, 'pages/pegawai/photo/', '3372055109010004', '8cb2237d0679ca88db6464eac60da96345513964'),
(221, 'P32', 'Dewi Nurhayati, AMK', 'Wanita', 'Perawat', '-', '-', '-', '-', '-', 'Perawat', 'K/2', '-', '771618346526000', 'D3 PERAWAT', 0, 'Karanganyar', '1984-08-13', 'Jl. Dr. P. Lumban Tobing No. 27, Setabelan', 'Surakarta', '2019-09-02', '<1', 'IGD', 'BPD', '3002440937', 'AKTIF', 0, 0, 0, '2019-09-02', 0, 0, 'pages/pegawai/photo/', '3313145308840001', '8cb2237d0679ca88db6464eac60da96345513964'),
(222, 'MN41', 'Frischa Prima Yulnia, S.Kep., Ns.', 'Wanita', 'Pengelola Rujukan Kes', '-', '-', '-', '-', '-', '-', 'K/0', '-', '729409797526000', '-', 0, 'Ujung Pandang Maros', '1990-07-18', 'Tanggulsari 1/9 Bajarsari, Bajarsari, Surakarta', 'Surakarta', '2019-07-22', '<1', 'IGD', 'BPD', '3002439050', 'AKTIF', 0, 0, 0, '2019-07-22', 0, 0, 'pages/pegawai/photo/', '3372055807900002', '8cb2237d0679ca88db6464eac60da96345513964'),
(223, 'P93', 'Saras Erviana, A.Md.Kep gigi', 'Wanita', 'Perawat Gigi', '-', '-', '-', '-', '-', 'Perawat Gigi', 'TK/0', '-', '922195797526000', 'D3 PERAWAT', 0, 'Surakarta', '1995-05-30', 'Sidodadi Rt 03 RW 01, Pajang, Laweyan', 'Surakarta', '2019-07-22', '<1', 'IGD', 'BPD', '3002380462', 'AKTIF', 0, 0, 0, '2019-07-22', 0, 0, 'pages/pegawai/photo/', '3372017005950001', '8cb2237d0679ca88db6464eac60da96345513964'),
(224, 'P44', 'Fatonah, A.Md. Kep', 'Wanita', 'Perawat', '-', '-', '-', '-', '-', 'Perawat', 'K/1', '-', '922217732532000', 'D3 PERAWAT', 0, 'Sukoharjo', '1989-10-30', 'Blimbing Rt 1 Rw 05, Wonorejo, Polokarto', 'Sukoharjo', '2019-07-21', '<1', 'IGD', 'BPD', '3002361867', 'AKTIF', 0, 0, 0, '2019-07-22', 0, 0, 'pages/pegawai/photo/', '3311077010890001', '8cb2237d0679ca88db6464eac60da96345513964'),
(225, 'MN92', 'Risa Hindartin, A.Md', 'Wanita', 'Kasir', '-', '-', '-', '-', '-', '-', 'K/2', '-', '243500808526000', '-', 0, 'Surakarta', '1982-02-23', 'Cinderejo Lor 3/6 Gilingan, Banjarsari, Surakarta', 'Surakarta', '2019-07-22', '<1', 'IGD', 'BPD', '3002439122', 'AKTIF', 0, 0, 0, '2019-07-22', 0, 0, 'pages/pegawai/photo/', '3372056302820003', '8cb2237d0679ca88db6464eac60da96345513964'),
(226, 'P86', 'Pipit Wahyu Agustin, Amd. Kep', 'Wanita', 'Perawat', '-', '-', '-', '-', '-', 'Perawat', 'TK/0', '-', '922160023526000', 'D3 PERAWAT', 0, 'Surakarta', '1991-08-18', 'Jl. Basuki Rahmat No 78, Jajar Rt 01/02, Laweyan', 'Surakarat', '2019-07-22', '<1', 'IGD', 'BPD', '3002220694', 'AKTIF', 0, 0, 0, '2019-07-21', 0, 0, 'pages/pegawai/photo/', '3372015808910004', '8cb2237d0679ca88db6464eac60da96345513964'),
(227, 'MN62', 'Moureint Astridita Kessari, A.Md', 'Wanita', 'Pengadministrasi Surat', '-', '-', '-', '-', 'MEN', 'Manajemen', 'TK/0', '-', '921858445526000', 'D3 MANAJEMEN ADMINISTRASI', 0, 'Surakarta', '1995-07-20', 'Purwosari 4/5 Purwosari, Laweyan, Surakarta', 'Surakarta', '2019-07-22', '<1', 'IGD', 'BPD', '3002439211', 'AKTIF', 0, 0, 0, '2019-07-22', 0, 0, 'pages/pegawai/photo/', '3372016007950002', '8cb2237d0679ca88db6464eac60da96345513964'),
(228, 'P35', 'Dwi Sari Setyani, Amd.Kep', 'Wanita', 'Perawat', '-', '-', '-', '-', '-', 'Perawat', 'K/2', '-', '703899617526000', 'D3 PERAWAT', 0, 'Surakarta', '1988-10-01', 'Kusumodilagan Rt 03 Rw 10, Joyosuran, Pasarkliwon', 'Surakarta', '2019-07-22', '<1', 'IGD', 'BPD', '3076066280', 'AKTIF', 0, 0, 0, '2019-07-22', 0, 0, 'pages/pegawai/photo/', '3372034110880001', '8cb2237d0679ca88db6464eac60da96345513964'),
(229, 'PJ001', 'Aprilia Dwi Astuti', 'Wanita', 'Pranata Jamuan', '-', '-', '-', '-', '-', '-', 'TK/0', '-', '922042551526000', '-', 0, 'Surakarta', '2001-04-14', 'Mertodranan 3/1 Pasar Kliwon, Pasar Kliwon', 'Surakarta', '2019-07-22', '<1', 'IGD', 'BPD', '3076066298', 'AKTIF', 0, 0, 0, '2019-07-22', 0, 0, 'pages/pegawai/photo/', '3372035404010001', '8cb2237d0679ca88db6464eac60da96345513964'),
(230, 'P37', 'Ellyastika Dinova, Amd. Kep', 'Wanita', 'Perawat', '-', '-', '-', '-', '-', 'Perawat', 'K/1', '-', '723579066646000', 'D3 PERAWAT', 0, 'Sukoharjo', '1994-05-24', 'Grogolan RT 03 RW 01, Ketelan, Banjarsari', 'Surakarta', '2019-07-22', '<1', 'IGD', 'BPD', '3002439106', 'AKTIF', 0, 0, 0, '2019-07-22', 0, 0, 'pages/pegawai/photo/', '3311086405940003', '8cb2237d0679ca88db6464eac60da96345513964'),
(231, 'MN01', 'Aditia Fatmawati, S.Kep., Ns.', 'Wanita', 'Pengelola Rujukan Kes', '-', '-', '-', '-', '-', '-', 'K/2', '-', '667908206526000', '-', 0, 'Karanganyar', '1988-09-17', 'Kerten 4/2 Kerten, Laweyan, Surakarta', 'Surakarta', '2019-07-22', '<1', 'IGD', 'BPD', '3059261524', 'AKTIF', 0, 0, 0, '2019-07-22', 0, 0, 'pages/pegawai/photo/', '3313125709880003', '8cb2237d0679ca88db6464eac60da96345513964'),
(232, 'P131', 'Winarso', 'Pria', 'Perawat', '-', '-', '-', '-', '-', 'Perawat', 'K/1', '-', '823904594527000', 'D3 PERAWAT', 0, 'Boyolali', '1984-04-06', 'Pelem Rt 18 Rw 05, Pelem, Simo', 'Boyolali', '2019-08-01', '<1', 'IGD', 'BPD', '3002370840', 'AKTIF', 0, 0, 0, '2019-08-01', 0, 0, 'pages/pegawai/photo/', '3309130604840003', '8cb2237d0679ca88db6464eac60da96345513964'),
(233, 'P13', 'Ari Setyaningsih, Amd. Kep', 'Wanita', 'Perawat', '-', '-', '-', '-', '-', 'Perawat', 'K/2', '-', '169284379532000', 'D3 PERAWAT', 0, 'Klaten', '1985-04-02', 'Tempolan Rt 02 RW 04, Trusemi, Gatak', 'Sukoharjo', '2019-07-22', '<1', 'IGD', 'BPD', '3002439246', 'AKTIF', 0, 0, 0, '2019-07-22', 0, 0, 'pages/pegawai/photo/', '3310124204850003', '8cb2237d0679ca88db6464eac60da96345513964'),
(234, 'PJ003', 'Intan Natalia Wahyuni', 'Wanita', 'Pranata Jamuan', '-', '-', '-', '-', '-', '-', 'TK/0', '-', '923212427526000', '-', 0, 'Surakarta', '1997-03-20', 'Minapadi 3/9 Nusukan, Banjarsari, Surakarta', 'Surakarta', '1997-07-22', '<1', 'IGD', 'BPD', '-', 'AKTIF', 0, 0, 0, '1997-07-22', 0, 0, 'pages/pegawai/photo/', '3372056003970005', '8cb2237d0679ca88db6464eac60da96345513964'),
(235, 'P08', 'Amita Isnaini, Amd. Kep', 'Wanita', 'Perawat', '-', '-', '-', '-', '-', 'Perawat', 'TK/0', '-', '852272988526000', 'D3 PERAWAT', 0, 'Surakarta', '1995-11-03', 'Gendingan Rt 02 RW 14, Jebres', 'Surakarta', '2019-07-22', '<1', 'IGD', 'BPD', '3002439149', 'AKTIF', 0, 0, 0, '2019-07-22', 0, 0, 'pages/pegawai/photo/', '3372044311950005', '8cb2237d0679ca88db6464eac60da96345513964'),
(236, 'MN82', 'Thomas Wijayanto, S.E.', 'Pria', 'Pengadministrasi Keuangan', '-', '-', '-', '-', 'MEN', '-', 'TK/0', '-', '921895728526000', 'S1 EKONOMI PEMBANGUNAN', 0, 'Surakarta', '1996-09-05', 'Semanggi 4/7 Semanggi, Pasar Kliwon, Surakarta', 'Surakarta', '2019-07-22', '<1', 'IGD', 'BPD', '3002437472', 'AKTIF', 0, 0, 0, '2019-07-22', 0, 0, 'pages/pegawai/photo/', '3372030509960002', '8cb2237d0679ca88db6464eac60da96345513964'),
(237, 'P05', 'Agustina Setiarti, Amd. Kep', 'Wanita', 'Perawat', '-', '-', '-', '-', '-', 'Perawat', 'K/1', '-', '726236268523000', 'D3 PERAWAT', 0, 'Kebumen', '1991-08-03', 'Sokomulyo Rt 03 Rw 06 Kadipiro, Banjarsari', 'Surakarta', '2019-07-22', '<1', 'IGD', 'BPD', '3002334240', 'AKTIF', 0, 0, 0, '2019-07-22', 0, 0, 'pages/pegawai/photo/', '3305124308910008', '8cb2237d0679ca88db6464eac60da96345513964'),
(238, 'P130', 'Hermawan Adhana, Amd. Kep', 'Pria', 'Perawaat', '-', '-', '-', '-', '-', 'Perawat', 'K/0', '-', '830505731532000', 'D3 PERAWAT', 0, 'Sukoharjo', '1992-06-11', 'Bulu Rt 03 Rw 08, Bakalan, Polokarto', 'Sukoharjo', '2019-08-01', '<1', 'IGD', 'BPD', '3002370785', 'AKTIF', 0, 0, 0, '2019-08-01', 0, 0, 'pages/pegawai/photo/', '3311071106920002', '8cb2237d0679ca88db6464eac60da96345513964'),
(239, 'P129', 'Eko Ardianto, Amd. Kep', 'Pria', 'Perawat', '-', '-', '-', '-', '-', 'Perawat', 'K/1', '-', '166985317325000', 'D3 PERAWAT', 0, 'Karang Indah', '1991-02-01', 'Ceplukan Rt 03 RW 16 Wonorejo, Gondangrejo', 'Karanganyar', '2019-08-01', '<1', 'IGD', 'BPD', '3002370823', 'AKTIF', 0, 0, 0, '2019-08-01', 0, 0, 'pages/pegawai/photo/', '1801060102910004', '8cb2237d0679ca88db6464eac60da96345513964'),
(240, 'P128', 'Dinu Wijayanto, Amd. Kep', 'Pria', 'Perawat', '-', '-', '-', '-', '-', 'Perawat', 'TK/0', '-', '824015143527000', 'D3 PERAWAT', 0, 'Boyolali', '1993-10-19', 'Gunung Bebek Rt 04 RW 02, Tempursari, Sambi', 'Boyolali', '2019-08-01', '<1', 'IGD', 'BPD', '3002370831', 'AKTIF', 0, 0, 0, '2019-08-01', 0, 0, 'pages/pegawai/photo/', '3309101910930001', '8cb2237d0679ca88db6464eac60da96345513964'),
(241, 'P61', 'Kartika Putri Pertiwi, A. Md. Kep', 'Wanita', 'Perawat', '-', '-', '-', '-', '-', 'Perawat', 'TK/0', '-', '922199849526000', 'D3 PERAWAT', 0, 'Surakarta', '1997-05-12', 'Jagran Rt 01 RW 05, Ketelan, Banjarsari', 'Surakarta', '2019-07-22', '<1', 'IGD', 'BPD', '3002437626', 'AKTIF', 0, 0, 0, '2019-07-22', 0, 0, 'pages/pegawai/photo/', '3372055205970002', '8cb2237d0679ca88db6464eac60da96345513964'),
(242, 'P06', 'Aktifa Raka Siwi, A.Md. Kep', 'Wanita', 'Perawat', '-', '-', '-', '-', '-', 'Perawat', 'TK/0', '-', '923082861526000', 'D3 PERAWAT', 0, 'Surakarta', '1996-10-29', 'Belukan Rt 01 RW 04, Pajang, Laweyan', 'Surakarta', '2019-07-22', '<1', 'IGD', 'BPD', '3002439173', 'AKTIF', 0, 0, 0, '2019-07-22', 0, 0, 'pages/pegawai/photo/', '3311096910960004', '8cb2237d0679ca88db6464eac60da96345513964'),
(243, 'P22', 'Betty Hajjati Rahman, Amd. Kep', 'Wanita', 'Perawat', '-', '-', '-', '-', '-', 'Perawat', 'K/2', '-', '790419394528000', 'D3 PERAWAT', 0, 'Surakarta', '1987-08-23', 'Mlandang Rt 03 Rw 07, Kedung Jeruk, Mojo gedang', 'Karanganyar', '2019-07-22', '<1', 'IGD', 'BPD', '3002437715', 'AKTIF', 0, 0, 0, '2019-07-22', 0, 0, 'pages/pegawai/photo/', '3372046308870002', '8cb2237d0679ca88db6464eac60da96345513964'),
(244, 'P16', 'Atria Dila Yoga Putri, A.Md. Kep', 'Wanita', 'Perawat', '-', '-', '-', '-', '-', 'Perawat', 'TK/0', '-', '922106240526000', 'D3 PERAWAT', 0, 'Sukoharjo', '1997-03-22', 'Lemah Abang Rt 06 Rw 21, Kadipiro, Banjarsari', 'Surakarta', '2019-07-22', '<1', 'IGD', 'BPD', '3002439114', 'AKTIF', 0, 0, 0, '2019-07-22', 0, 0, 'pages/pegawai/photo/', '3372056203970002', '8cb2237d0679ca88db6464eac60da96345513964'),
(245, 'P41', 'Fachtur To`in Fadilah, Amd. Kep', 'Pria', 'Perawat', '-', '-', '-', '-', '-', 'Perawat', 'K/1', '-', '923264709527000', 'D3 PERAWAT', 0, 'Boyolali', '1993-08-22', 'Ringin Sari Rt 04 RW 08, Penggung, Boyolali', 'Boyolali', '2019-07-22', '<1', 'IGD', 'BPD', '3002439289', 'AKTIF', 0, 0, 0, '2019-07-22', 0, 0, 'pages/pegawai/photo/', '3309052208939003', '8cb2237d0679ca88db6464eac60da96345513964'),
(246, 'P42', 'Fajar Shodiq, Amd. Kep', 'Pria', 'Perawat', '-', '-', '-', '-', '-', 'Perawat', 'TK/0', '-', '665919619526000', 'D3 PERAWAT', 0, 'Surakarta', '1992-02-17', 'Gajahan Rt 04 Rw 01, Pasarkliwon', 'Surakarta', '2019-07-22', '<1', 'IGD', 'BPD', '3002439157', 'AKTIF', 0, 0, 0, '2019-07-22', 0, 0, 'pages/pegawai/photo/', '3372031702920001', '8cb2237d0679ca88db6464eac60da96345513964'),
(247, 'P87', 'Ramadhani Fatkhul jannah A.Md.Kep', 'Wanita', 'Perawat', '-', '-', '-', '-', '-', 'Perawat', 'TK/0', '-', '734406085532000', 'D3 PERAWAT', 0, 'jakarta', '1994-03-07', 'Jl. sunan kalijogo 8 penumping  003/004 laweyan', 'surakarta', '2019-07-22', '<1', 'IGD', 'BPD', '3002437740', 'AKTIF', 0, 0, 0, '0000-00-00', 0, 0, 'pages/pegawai/photo/', '3372014703940003', '8cb2237d0679ca88db6464eac60da96345513964'),
(248, 'P85', 'Oktiya Mekarsari, A.Md. Kep', 'Wanita', 'Perawat', '-', '-', '-', '-', '-', 'Perawat', 'TK/0', '-', '922174495526000', 'D3 PERAWAT', 0, 'Surakarta', '1996-10-10', 'Tawangsari Rt 04 RW 34, mojosongo, Jebres', 'Surakarta', '2019-07-22', '<1', 'IGD', 'BPD', '3002437421', 'AKTIF', 0, 0, 0, '2019-07-22', 0, 0, 'pages/pegawai/photo/', '3372045010960003', '8cb2237d0679ca88db6464eac60da96345513964'),
(249, 'P82', 'Nur Rahmawati, Amd. Kep', 'Wanita', 'Perawat', '-', '-', '-', '-', '-', 'Perawat', 'TK/0', '-', '921962841526000', 'D3 PERAWAT', 0, 'Surakarta', '1991-09-24', 'Panularan Rt 04 Rw 05, Panularan, Laweyan', 'Surakarta', '2019-07-22', '<1', 'IGD', 'BPD', '3002437588', 'AKTIF', 0, 0, 0, '2019-07-22', 0, 0, 'pages/pegawai/photo/', '3372016409910001', '8cb2237d0679ca88db6464eac60da96345513964'),
(250, 'P40', 'Ester Nirma Arini, Amd. Kep', 'Wanita', 'Perawat', '-', '-', '-', '-', '-', 'Perawat', 'K/1', '-', '922149869528000', 'D3 PERAWAT', 0, 'Sragen', '1989-01-25', 'Griya Purwosuman ASri b1 Rt 03 Rw 08, Purwosuman', 'Sragen', '2019-07-22', '<1', 'IGD', 'BPD', '3002439076', 'AKTIF', 0, 0, 0, '2019-07-22', 0, 0, 'pages/pegawai/photo/', '3314116501890001', '8cb2237d0679ca88db6464eac60da96345513964'),
(251, 'P70', 'Mega Suryaningsih, Amd. Kep', 'Wanita', 'Perawat', '-', '-', '-', '-', '-', 'Perawat', 'K/0', '-', '741874820527000', 'D3 PERAWAT', 0, 'Boyolali', '1994-06-05', 'Jangkungan Rt 06 Rw 02, Glonggong, Nogosari', 'Boyolali', '2019-07-22', '<1', 'IGD', 'BPD', '3002438975', 'AKTIF', 0, 0, 0, '2019-07-22', 0, 0, 'pages/pegawai/photo/', '3309124606949001', '8cb2237d0679ca88db6464eac60da96345513964'),
(252, 'RD004', 'Widi Adi Kurniawan, A.Md.Kes', 'Pria', 'Radiografer', '-', '-', '-', '-', '-', '-', 'TK/0', '-', '911167534525000', '-', 0, 'Klaten', '1994-05-22', 'Lumbungkerep 3/3 Lumbungkerep, Wonosari, Klaten', 'Klaten', '2019-07-22', '<1', 'IGD', 'BPD', '3002402709', 'AKTIF', 0, 0, 0, '2019-07-22', 0, 0, 'pages/pegawai/photo/', '3310152205940002', '8cb2237d0679ca88db6464eac60da96345513964'),
(253, 'P68', 'Martiana Fadila Sari, AMd. Kep', 'Wanita', 'Perawat', '-', '-', '-', '-', '-', 'Perawat', 'TK/0', '-', '922105432526000', 'D3 PERAWAT', 0, 'Surakarta', '1997-03-17', 'Tegal mulyo Rt 03 Rw 04, Mojosongo, Jebres', 'Surakarta', '2019-07-22', '<1', 'IGD', 'BPD', '3002438983', 'AKTIF', 0, 0, 0, '2019-07-22', 0, 0, 'pages/pegawai/photo/', '3372045703970004', '8cb2237d0679ca88db6464eac60da96345513964'),
(254, 'BD002', 'Silvia Putri Dharmastuti, Amd. Keb', 'Wanita', 'Bidan', '-', '-', '-', '-', '-', 'Bidan', 'K/0', '-', '751187568528000', 'D3 KEBIDANAN', 0, 'Surakafrta', '1991-10-31', 'Mangkuyudan Rt 01 Rw 02, Purwosari, Laweyan', 'Surakarta', '2019-07-22', '<1', 'IGD', 'BPD', '3002437430', 'AKTIF', 0, 0, 0, '2019-07-22', 0, 0, 'pages/pegawai/photo/', '3313117110910002', '8cb2237d0679ca88db6464eac60da96345513964'),
(255, 'PLK002', 'Fantri Ernawati, A.Md', 'Wanita', 'Pranata Laboratorium Kes', '-', '-', '-', '-', '-', '-', 'K/1', '-', '922290432526000', '-', 0, 'Surakarta', '1987-06-04', 'Semanggi 4/4 Semanggi, Pasar Kliwon', 'Surakarta', '2019-07-22', '<1', 'IGD', 'BPD', '3076066344', 'AKTIF', 0, 0, 0, '2019-07-22', 0, 0, 'pages/pegawai/photo/', '3372034406870002', '8cb2237d0679ca88db6464eac60da96345513964'),
(256, 'P20', 'Bahariyadi Setiyawan, A.Md. Kep', 'Pria', 'Perawat', '-', '-', '-', '-', '-', 'Perawat', 'TK/0', '-', '923063622525000', 'D3 PERAWAT', 0, 'Ternate', '1994-03-15', 'Pendem Rt 01 Rw 08, Wonosari, Trucuk', 'Klaten', '2019-07-22', '<1', 'IGD', 'BPD', '3002438291', 'AKTIF', 0, 0, 0, '2019-07-22', 0, 0, 'pages/pegawai/photo/', '3310061503940005', '8cb2237d0679ca88db6464eac60da96345513964'),
(257, 'RD002', 'Bilal Jati Kusuma, A.Md', 'Pria', 'Radiografer', '-', '-', '-', '-', '-', 'Radiografer', 'TK/0', '-', '911936862506000', '-', 0, 'Kudus', '1991-04-08', 'Jatikulon 4/4 Jati Kulon, Jati, Kudus', 'Kudus', '2019-07-22', '<1', 'IGD', 'BPD', '-', 'AKTIF', 0, 0, 0, '2019-07-22', 0, 0, 'pages/pegawai/photo/', '3319030804910001', '8cb2237d0679ca88db6464eac60da96345513964'),
(258, 'P34', 'Diyah Ayu Kusumasari, A.Md.Kep', 'Wanita', 'Perawat', '-', '-', '-', '-', '-', 'Perawat', 'TK/0', '-', '922177043526000', 'D3 PERAWAT', 0, 'Surakarta', '1996-07-09', 'Bibis Luhur R 01 Rw 21, Nusukan, Banjarsari', 'Surakata', '2019-07-22', '<1', 'IGD', 'BPD', '3002437618', 'AKTIF', 0, 0, 0, '2019-07-22', 0, 0, 'pages/pegawai/photo/', '3372054907960009', '8cb2237d0679ca88db6464eac60da96345513964'),
(259, 'P124', 'Seline Biananda Kusuma Dewi, Amd. Kep', 'Wanita', 'Perawat', '-', '-', '-', '-', '-', 'Perawat', 'TK/0', '-', '922135363526000', 'D3 PERAWAT', 0, 'Biak', '1996-03-25', 'Ngasinan Rt 02 Rw 13, Jebres', 'Surakarta', '2019-07-22', '<1', 'IGD', 'BPD', '3002437456', 'AKTIF', 0, 0, 0, '2019-07-22', 0, 0, 'pages/pegawai/photo/', '9106016503960001', '8cb2237d0679ca88db6464eac60da96345513964'),
(260, 'P57', 'Imas Dhewi Widhiana, Amd. Kep', 'Wanita', 'Perawat', '-', '-', '-', '-', '-', 'Perawat', 'TK/1', '-', '835105024532000', 'D3 PERAWAT', 0, 'Sragen', '1990-06-18', 'Walang Rt 02 Rw 02, Bendosari', 'Sukoharjo', '2019-07-22', '<1', 'IGD', 'BPD', '3002439220', 'AKTIF', 0, 0, 0, '2019-07-22', 0, 0, 'pages/pegawai/photo/', '3311065806900003', '8cb2237d0679ca88db6464eac60da96345513964');
INSERT INTO `pegawai` (`id`, `nik`, `nama`, `jk`, `jbtn`, `jnj_jabatan`, `kode_kelompok`, `kode_resiko`, `kode_emergency`, `departemen`, `bidang`, `stts_wp`, `stts_kerja`, `npwp`, `pendidikan`, `gapok`, `tmp_lahir`, `tgl_lahir`, `alamat`, `kota`, `mulai_kerja`, `ms_kerja`, `indexins`, `bpd`, `rekening`, `stts_aktif`, `wajibmasuk`, `pengurang`, `indek`, `mulai_kontrak`, `cuti_diambil`, `dankes`, `photo`, `no_ktp`, `password`) VALUES
(261, 'BD003', 'Sarwo Endah Setyawati, Amd. Keb', 'Wanita', 'Bidan', '-', '-', '-', '-', '-', 'Bidan', 'K/1', '-', '922012307526000', 'D3 KEBIDANAN', 0, 'Surakarta', '1991-12-10', 'Jl. Masela No 17 Rt 02 Rw 02, Kepatihan', 'Surakarta', '2019-07-22', '<1', 'IGD', 'BPD', '3002353899', 'AKTIF', 0, 0, 0, '2019-07-22', 0, 0, 'pages/pegawai/photo/', '3372045012910005', '8cb2237d0679ca88db6464eac60da96345513964'),
(262, 'P99', 'Siska Mustika Ayuningsih, Amd. Kep', 'Wanita', 'Perawat', '-', '-', '-', '-', '-', 'Perawat', 'TK/0', '-', '922098538527000', 'D3 PERAWAT', 0, 'Surakarta', '1997-05-25', 'Padokan Rt 2 Rw 05, Sawahan, Ngemplak', 'Boyolali', '2019-07-22', '<1', 'IGD', 'BPD', '3002439041', 'AKTIF', 0, 0, 0, '2019-07-22', 0, 0, 'pages/pegawai/photo/', '3309116505979003', '8cb2237d0679ca88db6464eac60da96345513964'),
(263, 'P105', 'Tri Yuliani, Amk', 'Pria', 'Perawat', '-', '-', '-', '-', '-', 'Perawat', 'K/2', '-', '973375256526000', 'D3 PERAWAT', 0, 'Surakarta', '1987-07-01', 'Mojosongo Rt 04 Rw 09, Jebres', 'Surakarta', '2019-07-22', '<1', 'IGD', 'BPD', '3002439084', 'AKTIF', 0, 0, 0, '2019-07-22', 0, 0, 'pages/pegawai/photo/', '3372044107870002', '8cb2237d0679ca88db6464eac60da96345513964'),
(264, 'P38', 'Ervina Dian Kusumastuti, A.Md. Kep', 'Wanita', 'Perawat', '-', '-', '-', '-', '-', 'Perawat', 'TK/0', '-', '922006556526000', 'D3 PERAWAT', 0, 'Surakarta', '1996-09-25', 'Jl. pelangi Utara Rt 06 RW 28, Mojosongo, Jebres', 'Surakarta', '2019-07-22', '<1', 'IGD', 'BPD', '3110065051', 'AKTIF', 0, 0, 0, '2019-07-22', 0, 0, 'pages/pegawai/photo/', '3372046509960005', '8cb2237d0679ca88db6464eac60da96345513964'),
(265, 'P101', 'Siti Sabani, A.Md. Kep', 'Wanita', 'Perawat', '-', '-', '-', '-', '-', 'Perawat', 'K/1', '-', '749953683647000', 'D3 PERAWAT', 0, 'Magelang', '1993-02-05', 'Tebgal Mulyo Rt 05 RW 04, Nusukan, Banjarsaei', 'Surakarta', '2019-07-22', '<1', 'IGD', 'BPD', '3110065026', 'AKTIF', 0, 0, 0, '2019-07-22', 0, 0, 'pages/pegawai/photo/', '3308094502930002', '8cb2237d0679ca88db6464eac60da96345513964'),
(266, 'P28', 'Christiana Sari, AMk', 'Wanita', 'Perawat', '-', '-', '-', '-', '-', 'Perawat', 'K/1', '-', '729045146532000', 'D3 PERAWAT', 0, 'Jakarta', '1990-05-02', 'Pundung Lor Rt 01 Rw 02, Ngrombo, Baki', 'Sukoharjo', '2019-07-22', '<1', 'IGD', 'BPD', '3002437634', 'AKTIF', 0, 0, 0, '2019-07-22', 0, 0, 'pages/pegawai/photo/', '3310144205900010', '8cb2237d0679ca88db6464eac60da96345513964'),
(267, 'P36', 'Ellen Ratna Pratiwi, A.Md, Kep', 'Wanita', 'Perawat', '-', '-', '-', '-', '-', 'Perawat', 'TK/0', '-', '923149645526000', 'D3 PERAWAT', 0, 'Surakarta', '1996-04-26', 'Jl. Nusa Indah No 42, Yosoroto Rt 01/09, Purwosari', 'Surakarta', '2019-07-22', '<1', 'IGD', 'BPD', '3002439181', 'AKTIF', 0, 0, 0, '2019-07-22', 0, 0, 'pages/pegawai/photo/', '3372016604960022', '8cb2237d0679ca88db6464eac60da96345513964'),
(268, 'P39', 'Erviyana Kusuma Dewi, A.Md. Kep', 'Wanita', 'Perawat', '-', '-', '-', '-', '-', 'Perawat', 'TK/0', '-', '922392253528000', 'D3 PERAWAT', 0, 'Karanganyar', '1994-09-04', 'Duwet Rt 01 Rw 10, ngasem, Colomasu', 'Karanganyar', '2019-07-22', '<1', 'IGD', 'BPD', '3002437952', 'AKTIF', 0, 0, 0, '2019-07-22', 0, 0, 'pages/pegawai/photo/', '3313124409940001', '8cb2237d0679ca88db6464eac60da96345513964'),
(269, '199003152020122007', 'Khusnul Chorifah', 'Wanita', 'Fisioterapis', '-', '-', '-', '-', '-', 'Fisioterapis', 'K/2', '-', '813984069526000', '-', 0, 'Surakarta', '1990-03-15', 'Sumber Rt 02 Rw 01, Sumber, Banjarsari', 'Surakarta', '2019-07-22', '<1', 'IGD', 'BPD', '3002437383', 'AKTIF', 0, 0, 0, '2019-07-22', 0, 0, 'pages/pegawai/photo/', '3372055503900001', '8cb2237d0679ca88db6464eac60da96345513964'),
(270, 'PL001', 'Agustina Dwi Suryawati', 'Wanita', 'Pramu Laboratorium', '-', '-', '-', '-', '-', '-', 'TK/0', '-', '922183892526000', '-', 0, 'Surakarta', '1995-08-30', 'Sambirejo 5/1 Banjarsari, Banjarsari, Surakarta', 'Surakarta', '2019-07-22', '<1', 'IGD', 'BPD', '3110065042', 'AKTIF', 0, 0, 0, '2019-07-22', 0, 0, 'pages/pegawai/photo/', '3372057008950006', '8cb2237d0679ca88db6464eac60da96345513964'),
(271, 'P78', 'Nindya Putri Damayanti, A.Md.Kep', 'Wanita', 'Perawat', '-', '-', '-', '-', '-', '-', 'TK/0', '-', '812990471526000', 'D3 PERAWAT', 0, 'Karanganyar', '1995-02-18', 'Pucangsawit 1/9 Pucangsawit, Jebres, Surakarta', 'Surakarta', '2019-07-22', '<1', 'IGD', 'BPD', '3002438967', 'AKTIF', 0, 0, 0, '2019-07-22', 0, 0, 'pages/pegawai/photo/', '3372045802950002', '8cb2237d0679ca88db6464eac60da96345513964'),
(273, 'PL002', 'Alifta Asyari Rudiyanto', 'Wanita', 'Pramu Laboratorium', '-', '-', '-', '-', '-', '-', 'TK/0', '-', '922349154526000', '-', 0, 'Surakarta', '2000-11-12', 'Cinderejo Lor 1/4 Gilingan, Banjarsari, Surakarta', 'Surakarta', '2019-07-22', '<1', 'IGD', 'BPD', '3002439017', 'AKTIF', 0, 0, 0, '2019-07-22', 0, 0, 'pages/pegawai/photo/', '3372055211000006', '8cb2237d0679ca88db6464eac60da96345513964'),
(274, 'PLK004', 'Mila Dwi Apriliani, A.Md', 'Wanita', 'Pranata Lab Kes', '-', '-', '-', '-', '-', '-', 'TK/0', '-', '922516596526000', '-', 0, 'Surakarta', '1995-04-06', 'Debegan 5/2 Mojosongo, Jebres, Surakarta', 'Surakarta', '2019-07-22', '<1', 'IGD', 'BPD', '3002439068', 'AKTIF', 0, 0, 0, '2019-07-22', 0, 0, 'pages/pegawai/photo/', '3372044604950001', '8cb2237d0679ca88db6464eac60da96345513964'),
(275, 'RM002', 'Channy Andini Santoso, A.Md.Kes', 'Wanita', 'Perekam Medis', '-', '-', '-', '-', '-', '-', 'TK/0', '-', '922049218526000', '-', 0, 'Surakarta', '1996-10-26', 'Danukusuman 2/7 Danukusuman. Serengan', 'Surakarta', '2019-07-22', '<1', 'IGD', 'BPD', '3002437707', 'AKTIF', 0, 0, 0, '2019-07-22', 0, 0, 'pages/pegawai/photo/', '3372026610960003', '8cb2237d0679ca88db6464eac60da96345513964'),
(276, 'RM004', 'Imarta Dwiyani, A.Md.RMIK', 'Wanita', 'Perekam Medik', '-', '-', '-', '-', '-', '-', 'K/0', '-', '871590758526000', '-', 0, 'Grobogan', '1992-12-04', 'Jl. Yosodipuro 164 1/5 Mangkubumen, Banjarsari', 'Surakarta', '2019-07-22', '<1', 'IGD', 'BPD', '3017157948', 'AKTIF', 0, 0, 0, '2019-07-22', 0, 0, 'pages/pegawai/photo/', '3315134412920001', '8cb2237d0679ca88db6464eac60da96345513964'),
(277, 'RM005', 'Muhammad Aji Cakra Diputra, A.Md.RMIK', 'Pria', 'Perekam Medis', '-', '-', '-', '-', '-', '-', 'TK/0', '-', '922389044526000', '-', 0, 'Boyolali', '1994-09-22', 'Sangkrah 7/10 Sangkrah, Pasar Kliwon, Surakarta', 'Surakarta', '2019-07-22', '<1', 'IGD', 'BPD', '3002437944', 'AKTIF', 0, 0, 0, '2019-07-22', 0, 0, 'pages/pegawai/photo/', '3372032209940002', '8cb2237d0679ca88db6464eac60da96345513964'),
(278, 'PLK005', 'Nia Ery Ch, A.Md', 'Wanita', 'Pranata Lab Kes', '-', '-', '-', '-', '-', '-', 'K/0', '-', '783209208532000', '-', 0, 'Surakarta', '1978-08-18', 'Petoran 2/7 Jebres, Jebres, Surakarta', 'Surakarta', '2019-07-22', '<1', 'IGD', 'BPD', '3002009969', 'AKTIF', 0, 0, 0, '2019-07-22', 0, 0, 'pages/pegawai/photo/', '3311125808780003', '8cb2237d0679ca88db6464eac60da96345513964'),
(281, 'PLK001', 'Asri Sutaminingtyas, A.Md', 'Wanita', 'Pranata Lab Kes', '-', '-', '-', '-', '-', '-', 'K/1', '-', '971929005526000', '-', 0, 'Surakarta', '1987-10-30', 'Jl. Jayawijaya I No.04 4/15 Mojosongo, Jebres', 'Surakarta', '2019-07-22', '<1', 'IGD', 'BPD', '3002437693', 'AKTIF', 0, 0, 0, '2019-07-22', 0, 0, 'pages/pegawai/photo/', '3372047010870023', '8cb2237d0679ca88db6464eac60da96345513964'),
(282, 'NUT004', 'Hudzaifah, S.Gz', 'Pria', 'Nutrisionis', '-', '-', '-', '-', '-', '-', 'TK/0', '-', '922377452526000', '-', 0, 'Surakarta', '1991-08-19', 'Gg. Jambu II 2/5 Jajar, Laweyan', 'Surakarta', '2019-07-22', '<1', 'IGD', 'BPD', '3059261541', 'AKTIF', 0, 0, 0, '2019-07-22', 0, 0, 'pages/pegawai/photo/', '3372011902910002', '8cb2237d0679ca88db6464eac60da96345513964'),
(283, 'U151', 'Rahmat Edy Santoso, ST', 'Pria', 'Pengelola Limbah', '-', '-', '-', '-', '-', 'Pengelola Limba', 'TK/0', '-', '924758386528000', 'S1 Teknologi Industri', 0, 'Karanganyar', '1972-09-07', 'Wirorejan Rt 03 Rw 03, Kekiri, Kabakkramat', 'Karanganyar', '2019-08-01', '<1', 'IGD', 'BPD', '3002441909', 'AKTIF', 0, 0, 0, '2019-08-01', 0, 0, 'pages/pegawai/photo/', '3313140709720001', '8cb2237d0679ca88db6464eac60da96345513964'),
(284, 'NUT005', 'Trisia Pustika Diar, A.Md.Gz', 'Wanita', 'Nutrisionis', '-', '-', '-', '-', '-', '-', 'TK/0', '-', '916927627526000', '-', 0, 'Surakarta', '1994-09-03', 'Jl. Lampo Batang III No 21 1/23 Mojosongo, Jebres', 'Surakarta', '2019-07-22', '<1', 'IGD', 'BPD', '3002439009', 'AKTIF', 0, 0, 0, '2019-07-22', 0, 0, 'pages/pegawai/photo/', '3372054309940005', '8cb2237d0679ca88db6464eac60da96345513964'),
(285, 'U160', 'Tommy Widiya Hananto', 'Pria', 'Pengemudi', '-', '-', '-', '-', '-', 'Pengemudi', 'K/2', '-', '-', 'SMA', 0, 'Surakarta', '1988-06-18', 'Jetis Rt 03 Rw 05, Kadipiro, Banjarsari', 'Surakarta', '2019-09-02', '<1', 'IGD', 'BPD', '3076066581', 'AKTIF', 0, 0, 0, '2019-09-02', 0, 0, 'pages/pegawai/photo/', '3372051806880004', '8cb2237d0679ca88db6464eac60da96345513964'),
(286, 'U150', 'Dodi Prabowo', 'Pria', 'Pramu Kebersihan', '-', '-', '-', '-', '-', 'Pramu Kebersiha', 'K/1', '-', '550087167526000', 'SMK', 0, 'Surakarta', '1988-01-12', 'Semanggi Rt 02 Rw 21, Semanggi, Pasarkliwon', 'Surakarta', '2019-08-01', '<1', 'IGD', 'BPD', '3002441861', 'AKTIF', 0, 0, 0, '2019-08-01', 0, 0, 'pages/pegawai/photo/', '3372031201880004', '8cb2237d0679ca88db6464eac60da96345513964'),
(287, 'U139', 'Mei Triani', 'Wanita', 'Pramu Kenersihan', '-', '-', '-', '-', '-', 'Pramu Kebersiha', 'TK/0', '-', '-', 'SMK', 0, 'Surakarta', '1996-05-13', 'Mloyokusuman Rt 03 Rw 12, Baluwarti, Pasarkliwon', 'Surakarta', '2019-08-01', '<1', 'IGD', 'BPD', '3002441950', 'AKTIF', 0, 0, 0, '2019-08-01', 0, 0, 'pages/pegawai/photo/', '3372035305960004', '8cb2237d0679ca88db6464eac60da96345513964'),
(288, 'U152', 'Debby Candra Kirana', 'Pria', 'Pengelola Limbah', '-', '-', '-', '-', '-', 'Pengelola Limba', 'K/1', '-', '-', 'SMK', 0, 'Surakarta', '1985-03-13', 'Pucang sawit Rt 01 Rw 09, Jebres', 'Surakarta', '2019-08-01', '<1', 'IGD', 'BPD', '3002441836', 'AKTIF', 0, 0, 0, '2019-08-01', 0, 0, 'pages/pegawai/photo/', '3372041303860002', '8cb2237d0679ca88db6464eac60da96345513964'),
(289, 'U123', 'Syahrul Rofiq Abdillah Fadli', 'Pria', 'Tekhnisi Jaringan Instala', '-', '-', '-', '-', '-', 'Tekhnisi Jaring', 'TK/0', '-', '-', 'SMK', 0, 'Surakarta', '2000-04-17', 'Semanggi Rt 05 Rw 11 Pasarkliwon', 'Surakarta', '2019-08-01', '<1', 'IGD', 'BPD', '3002441879', 'AKTIF', 0, 0, 0, '2019-08-01', 0, 0, 'pages/pegawai/photo/', '3372031704000003', '8cb2237d0679ca88db6464eac60da96345513964'),
(290, 'TEK134', 'Choirul Anam', 'Pria', 'Teknisi Listrik', '-', '-', '-', '-', '-', 'Teknisi Listrik', 'K/1', '-', '-', 'SMK', 0, 'Surakarta', '1983-03-11', 'Pucang sawit Rt 02 Rw 09, Jebres', 'Surakarta', '2019-08-01', '<1', 'IGD', 'BPD', '3076053196', 'AKTIF', 0, 0, 0, '2019-08-01', 0, 0, 'pages/pegawai/photo/', '3372041103830026', '8cb2237d0679ca88db6464eac60da96345513964'),
(291, 'PRM001', 'Cahyani Anggita Sari, A.Md.RMIK', 'Wanita', 'Pengadministrasi RM', '-', '-', '-', '-', '-', '-', 'TK/0', '-', '-', '-', 0, 'Surakarta', '1995-07-15', 'Gabudan 3/8 Joyosuran, Pasar Kliwon', 'Surakarta', '2019-09-03', '<1', 'IGD', 'BPD', '3002442824', 'AKTIF', 0, 0, 0, '2019-09-03', 0, 0, 'pages/pegawai/photo/', '-', '8cb2237d0679ca88db6464eac60da96345513964'),
(292, 'U142', 'Pradhya Pitaloka Galuh Kusuma', 'Wanita', 'Pramu Kebersihan', '-', '-', '-', '-', '-', 'Pramu Kebersiha', 'K/1', '-', '-', 'SMK', 0, 'Surakarta', '1998-11-10', 'Kerten Rt 03 Rw 13, Laweyan', 'Surakarta', '2019-08-01', '<1', 'IGD', 'BPD', '3002441968', 'AKTIF', 0, 0, 0, '2019-08-01', 0, 0, 'pages/pegawai/photo/', '3372015011980001', '8cb2237d0679ca88db6464eac60da96345513964'),
(293, 'U145', 'Rangga Waspada', 'Pria', 'Pramu Kebersihan', '-', '-', '-', '-', '-', 'Pramu Kebersiha', 'TK/0', '-', '-', 'SMK', 0, 'Surakarta', '1992-06-23', 'Tipes Rt 03 Rw 09, Serengan', 'Surakarta', '2019-08-01', '<1', 'IGD', 'BPD', '3002441984', 'AKTIF', 0, 0, 0, '2019-08-01', 0, 0, 'pages/pegawai/photo/', '3372022306920003', '8cb2237d0679ca88db6464eac60da96345513964'),
(294, 'RD001', 'Arga Pandhu Saputro, A.Md', 'Pria', 'Radiografer', '-', '-', '-', '-', '-', '-', 'TK/0', '-', '752654855542000', '-', 0, 'Sleman', '1994-05-30', 'Gaten 2/5 Sumberrejo, Tempel, Sleman', 'Yogyakarta', '2019-07-22', '<1', 'IGD', 'BPD', '3002440279', 'AKTIF', 0, 0, 0, '2019-07-22', 0, 0, 'pages/pegawai/photo/', '3404143005940001', '8cb2237d0679ca88db6464eac60da96345513964'),
(295, 'PPKes001', 'Ferri Surya Atmaja, AMK', 'Pria', 'Pengelola Pelayanan Kes', '-', '-', '-', '-', '-', '-', 'TK/0', '-', '813222254526000', '-', 0, 'Surakarta', '1993-01-18', 'Kramat 2/3 Laweyan, Surakarta', 'Surakarta', '2019-09-03', '<1', 'IGD', 'BPD', '3002442816', 'AKTIF', 0, 0, 0, '2019-09-03', 0, 0, 'pages/pegawai/photo/', '3372011801930003', '8cb2237d0679ca88db6464eac60da96345513964'),
(296, 'RM008', 'Yana Ramona Putra, A.Md.RMIK', 'Pria', 'Perekam Medis', '-', '-', '-', '-', '-', '-', 'TK/0', '-', '927072389526000', '-', 0, 'Boyolali', '1994-11-27', 'Gendingan 1/14 Jebres, Jebres, Surakarta', 'Surakarta', '2019-09-03', '<1', 'IGD', 'BPD', '3002442832', 'AKTIF', 0, 0, 0, '2019-09-03', 0, 0, 'pages/pegawai/photo/', '3309082711949003', '8cb2237d0679ca88db6464eac60da96345513964'),
(297, 'U143', 'Antonius Dyas Putranto', 'Pria', 'Pramu Kebersihan', '-', '-', '-', '-', '-', 'Pramu Kebersiha', 'TK/0', '-', '-', 'SMK', 0, 'Surakarta', '1993-04-27', 'Rejosari Rt 01 RW 14, Gilingan, Banjarsari', 'Surakarta', '2019-08-01', '<1', 'IGD', 'BPD', '3002441747', 'AKTIF', 0, 0, 0, '2019-08-01', 0, 0, 'pages/pegawai/photo/', '3372052704930013', '8cb2237d0679ca88db6464eac60da96345513964'),
(298, 'U135', 'Bayu Aji Saputro', 'Pria', 'Binatu', '-', '-', '-', '-', '-', 'Binatu', 'TK/0', '-', '-', 'SMK', 0, 'Surakarta', '1997-04-24', 'Pucang Sawit Rt 03 Rw 10, Jebres', 'Surakarta', '2019-08-01', '<1', 'IGD', 'BPD', '3002441798', 'AKTIF', 0, 0, 0, '2019-08-01', 0, 0, 'pages/pegawai/photo/', '3372042404970005', '8cb2237d0679ca88db6464eac60da96345513964'),
(299, 'U146', 'Annas Ma`ruf', 'Pria', 'Pramu Kebersihan', '-', '-', '-', '-', '-', 'Pramu Kebersiha', 'K/1', '-', '-', 'SMP', 0, 'Klaten', '1991-04-01', 'Semanggi Rt 06 RW 07, Pasarkliwon', 'Surakarta', '2019-08-01', '<1', 'IGD', 'BPD', '3002441763', 'AKTIF', 0, 0, 0, '2019-08-01', 0, 0, 'pages/pegawai/photo/', '3372030104910002', '8cb2237d0679ca88db6464eac60da96345513964'),
(300, 'U153', 'Christina Sri hartini', 'Wanita', 'Perawat Jenazah', '-', '-', '-', '-', '-', 'RAWAT JENAZAH', 'K/3', '-', '-', 'SMA', 0, 'Surakarta', '1974-02-14', 'Cengklik Rt 03 RW 20, Nusukan, Banjarsari', 'Surakarta', '2019-08-01', '<1', 'IGD', 'BPD', '3002441810', 'AKTIF', 0, 0, 0, '2019-08-01', 0, 0, 'pages/pegawai/photo/', '3372055402740006', '8cb2237d0679ca88db6464eac60da96345513964'),
(301, 'U138', 'Ayu Rahma Yulianti', 'Wanita', 'Pramu Kebersihan', '-', '-', '-', '-', '-', 'Pramu Kebersiha', 'TK/0', '-', '-', 'SMK', 0, 'Surakarta', '1999-04-08', 'Jagalan Rt 01 Rw 13, Jebres', 'Surakarta', '2019-08-01', '<1', 'IGD', 'BPD', '3002441780', 'AKTIF', 0, 0, 0, '2019-08-01', 0, 0, 'pages/pegawai/photo/', '3372044804990001', '8cb2237d0679ca88db6464eac60da96345513964'),
(302, 'U136', 'Iwan Kurniawan', 'Pria', 'Binatu', '-', '-', '-', '-', '-', 'Binatu', 'TK/0', '-', '-', 'SMK', 0, 'Surakarta', '1994-03-18', 'Pucang Sawit Rt 03 Rw 10, Jebres', 'Surakarta', '2019-08-01', '<1', 'IGD', 'BPD', '3002441976', 'AKTIF', 0, 0, 0, '2019-08-01', 0, 0, 'pages/pegawai/photo/', '3372041803940006', '8cb2237d0679ca88db6464eac60da96345513964'),
(303, 'POAK001', 'Diyah Arum Kartikaningtyas, A.Md.Farm', 'Wanita', 'Pengelola Obat dan Alkes', '-', '-', '-', '-', '-', '-', 'TK/0', '-', '927430405532000', 'D3 FARMASI', 0, 'Sukoharjo', '1995-06-05', 'Kaliniti 2/4 Siwal, Baki, Sukoharjo', 'Sukoharjo', '2019-09-03', '<1', 'IGD', 'BPD', '3002442891', 'AKTIF', 0, 0, 0, '2019-09-03', 0, 0, 'pages/pegawai/photo/', '3311104506950002', '8cb2237d0679ca88db6464eac60da96345513964'),
(304, 'U144', 'Priscillya Kumala Devani', 'Wanita', 'Pramu Kebersihan', '-', '-', '-', '-', '-', 'Pramu Kebersiha', 'K/1', '-', '-', 'SMK', 0, 'Surakarta', '1995-04-08', 'Tanggulsari Rt 09 Rw 18, Kadipiro, Banjarsari', 'Surakarta', '2019-08-01', '<1', 'IGD', 'BPD', '3002441941', 'AKTIF', 0, 0, 0, '2019-08-01', 0, 0, 'pages/pegawai/photo/', '3372054804950002', '8cb2237d0679ca88db6464eac60da96345513964'),
(305, 'U140', 'Bintang Ari Rahmadani', 'Pria', 'Pramu Kebersihan', '-', '-', '-', '-', '-', 'Pramu Kebersiha', 'TK/0', '-', '-', 'SMK', 0, 'Surakarta', '1998-01-18', 'Pringgolayan Rt 02 Rw 10, Tipes, Serengan', 'Surakarta', '2019-08-01', '<1', 'IGD', 'BPD', '3002441801', 'AKTIF', 0, 0, 0, '2019-08-01', 0, 0, 'pages/pegawai/photo/', '3372021801980004', '8cb2237d0679ca88db6464eac60da96345513964'),
(306, 'U147', 'Deva Henry Nugroho', 'Pria', 'Pramu Kebersihan', '-', '-', '-', '-', '-', 'Pramu Kebersiha', 'TK/0', '-', '-', 'SMK', 0, 'Surakarta', '2001-04-07', 'Mojo Rt 04 Rw 05, Pasarkliwon', 'Surakarta', '2019-08-01', '<1', 'IGD', 'BPD', '3002441852', 'AKTIF', 0, 0, 0, '2019-08-01', 0, 0, 'pages/pegawai/photo/', '3372030704010002', '8cb2237d0679ca88db6464eac60da96345513964'),
(307, 'APT005', 'Kartika Putri Pamungkas, S.Farm. Apt', 'Wanita', 'Apoteker', '-', '-', '-', '-', '-', 'Apoteker', 'TK/0', '-', '927581900527000', 'PROFESI APOTEKER', 0, 'Boyolali', '1996-04-20', 'Ngancan 1/6 Sobokerto, Ngemplak, Boyolali', 'Boyolali', '2019-09-03', '<1', 'IGD', 'BPD', '3002442859', 'AKTIF', 0, 0, 0, '2019-09-03', 0, 0, 'pages/pegawai/photo/', '3309116004969004', '8cb2237d0679ca88db6464eac60da96345513964'),
(308, 'U118', 'Deny Kristanto', 'Pria', 'Pengemudi', '-', '-', '-', '-', '-', 'Pengemudi', 'K/2', '-', '-', 'SMA', 0, 'Surakarta', '1987-04-01', 'Tanggul Sari Rt 04 Rw 09, Kadipiro, Banjarsari', 'Surakarta', '2019-08-01', '<1', 'IGD', 'BPD', '3002441844', 'AKTIF', 0, 0, 0, '2019-08-01', 0, 0, 'pages/pegawai/photo/', '3372050104870003', '8cb2237d0679ca88db6464eac60da96345513964'),
(309, 'U119', 'Narimo', 'Pria', 'Pengemudi', '-', '-', '-', '-', '-', 'Pengemudi', 'K/3', '-', '-', 'SMP', 0, 'Surakarta', '1975-12-14', 'Jebres Rt 01 Rw 36, Kentingan', 'Surakarta', '2019-08-01', '<1', 'IGD', 'BPD', '3002441992', 'AKTIF', 0, 0, 0, '2019-08-01', 0, 0, 'pages/pegawai/photo/', '3372041412750002', '8cb2237d0679ca88db6464eac60da96345513964'),
(310, 'RM006', 'Rizky Safitri, A.Md.Kes', 'Wanita', 'Perekam Medis', '-', '-', '-', '-', '-', 'Rekam Medik', 'TK/0', '-', '922239736526000', '-', 0, 'Surakarta', '1996-08-03', 'Jl. Kahayan No.16 Joyotakan 7/6 Serengan', 'Surakarta', '2019-07-22', '<1', 'IGD', 'BPD', '3076066271', 'AKTIF', 0, 0, 0, '2019-07-22', 0, 0, 'pages/pegawai/photo/', '3372024308960004', '8cb2237d0679ca88db6464eac60da96345513964'),
(311, 'U149', 'Joko Nugroho', 'Pria', 'Pramu Kebersihan', '-', '-', '-', '-', '-', 'Pramu Kebersiha', 'K/2', '-', '-', 'SMA', 0, 'Surakarat', '1974-02-11', 'Mojo Rt 04 Rw 05, Pasarkliwon', 'Surakarta', '2019-08-01', '<1', 'IGD', 'BPD', '3002441917', 'AKTIF', 0, 0, 0, '2019-08-01', 0, 0, 'pages/pegawai/photo/', '3372031102740002', '8cb2237d0679ca88db6464eac60da96345513964'),
(312, 'U148', 'Yulianto', 'Pria', 'Pramu Kebersihan', '-', '-', '-', '-', '-', 'Pramu Kebersiha', 'TK/0', '-', '-', 'SMA', 0, 'Karanganyar', '1988-07-11', 'Pengin Kidul Rt 01 Rw 11, Macanan, Kebakkramat', 'Karanganyar', '2019-08-01', '<1', 'IGD', 'BPD', '3002441933', 'AKTIF', 0, 0, 0, '2019-08-01', 0, 0, 'pages/pegawai/photo/', '3313141107880001', '8cb2237d0679ca88db6464eac60da96345513964'),
(313, 'RM007', 'Zaini Ismaun, A.Md.PK', 'Wanita', 'Perekam Medik', '-', '-', '-', '-', '-', 'Rekam Medik', 'K/1', '-', '973885486526000', '-', 0, 'Surakarta', '1988-07-22', 'Sabrabglor 1/8 Mojosongo, Jebres, Surakarta', 'Surakarta', '2019-07-22', '<1', 'IGD', 'BPD', '3002438053', 'AKTIF', 0, 0, 0, '2019-07-22', 0, 0, 'pages/pegawai/photo/', '3372046207880003', '8cb2237d0679ca88db6464eac60da96345513964'),
(314, 'U121', 'Yohanes Tri Ambar Saptianto', 'Pria', 'Pengemudi', '-', '-', '-', '-', '-', 'Pengemudi', 'K/0', '-', '-', 'SMA', 0, 'Surakarat', '1978-09-20', 'Kebonan Rt 05 Rw 01, Sriwedari, Laweyan', 'Surakarta', '2019-08-01', '<1', 'IGD', 'BPD', '3002442000', 'AKTIF', 0, 0, 0, '2019-08-01', 0, 0, 'pages/pegawai/photo/', '3372012009780002', '8cb2237d0679ca88db6464eac60da96345513964'),
(315, 'NUT003', 'Anisah, A.Md.Gz', 'Wanita', 'Nutrisionis', '-', '-', '-', '-', '-', 'Nutrisionis', 'K/1', '-', '897460515543000', '-', 0, 'Bantul', '1988-01-23', 'Tegal 1/2 Jaten, Jaten, Karanganyar', 'Karanganyar', '2019-08-01', '<1', 'IGD', 'BPD', '3002438088', 'AKTIF', 0, 0, 0, '2019-08-01', 0, 0, 'pages/pegawai/photo/', '3402166301880001', '8cb2237d0679ca88db6464eac60da96345513964'),
(316, 'U133', 'Fitria Romadoni, S.Si', 'Wanita', 'Resepsionis', '-', '-', '-', '-', '-', 'Resepsionis', 'K/2', '-', '691251102526000', 'S1 MIPA', 0, 'Surakarta', '1983-07-11', 'Semanggi Rt 02 Rw 09, Semanggi, Pasarkliwon', 'Surakarta', '2019-08-01', '<1', 'IGD', 'BPD', '3076066468', 'AKTIF', 0, 0, 0, '2019-08-01', 0, 0, 'pages/pegawai/photo/', '3372035107830001', '8cb2237d0679ca88db6464eac60da96345513964'),
(317, 'RM001', 'Budi Utami, A.Md,RMIK', 'Wanita', 'Perekam Medik', '-', '-', '-', '-', '-', 'Rekam Medik', 'K/1', '-', '668475833526000', '-', 0, 'Takalar', '1991-05-20', 'Kadipiro 9/3 Kadipiro, Banjarsari, Surakarta', 'Surakarta', '2019-07-22', '<1', 'IGD', 'BPD', '3002437570', 'AKTIF', 0, 0, 0, '2019-07-22', 0, 0, 'pages/pegawai/photo/', '3314106005910006', '8cb2237d0679ca88db6464eac60da96345513964'),
(318, 'RM003', 'Febriana Putri Kartikasari, A.Md.Kes', 'Wanita', 'Perekam Medik', '-', '-', '-', '-', '-', 'Rekam Medik', 'TK/0', '-', '922196969526000', '-', 0, 'Boyolali', '1997-02-21', 'Asmil Korem 074 6/14 Kerten, Laweyan', 'Surakarta', '2019-07-22', '<1', 'IGD', 'BPD', '3002437600', 'AKTIF', 0, 0, 0, '2019-07-22', 0, 0, 'pages/pegawai/photo/', '3372016102970002', '8cb2237d0679ca88db6464eac60da96345513964'),
(319, 'P33', 'Dino Adit Saputra, A.Md.Kep', 'Pria', 'Perawat', '-', '-', '-', '-', '-', '-', 'TK/0', '-', '924683394532000', 'D3 PERAWAT', 0, 'Surakarta', '1995-06-05', 'Ngenden 8/7 Banaran, Grogol, Sukoharjo', 'Sukoharjo', '2019-07-22', '<1', 'IGD', 'BPD', '3002439033', 'AKTIF', 0, 0, 0, '2019-07-22', 0, 0, 'pages/pegawai/photo/', '3311090506950008', '8cb2237d0679ca88db6464eac60da96345513964'),
(320, 'PLK003', 'Maria Klara Dinda, A.Md', 'Wanita', 'Pranata Lab Kes', '-', '-', '-', '-', '-', 'Laboratorium', 'TK/0', '-', '922399472526000', '-', 0, 'Surakarta', '1997-05-18', 'Sorogenen 5/5 Jagalan, Jebres', 'Surakarta', '2019-07-22', '<1', 'IGD', 'BPD', '3002437464', 'AKTIF', 0, 0, 0, '2019-07-22', 0, 0, 'pages/pegawai/photo/', '3372045805970022', '8cb2237d0679ca88db6464eac60da96345513964'),
(321, 'U137', 'Rony Sulistyanto', 'Pria', 'Binatu', '-', '-', '-', '-', '-', 'Binatu', 'TK/0', '-', '-', 'SMK', 0, 'Sragen', '1999-11-17', 'Mojosongo Rt 04 Rw 07, Jebres', 'Surakarta', '2019-08-01', '<1', 'IGD', 'BPD', '3002442069', 'AKTIF', 0, 0, 0, '2019-08-01', 0, 0, 'pages/pegawai/photo/', '3314131711990001', '8cb2237d0679ca88db6464eac60da96345513964'),
(322, 'RD003', 'Harinda Wijayanti, A.Md', 'Wanita', 'Radiografer', '-', '-', '-', '-', '-', 'Radiografer', 'K/2', '-', '922169354532000', '-', 0, 'Sleman', '1987-06-28', 'Joho 1/4 Joho, Mojolaban, Sukoharjo', 'Sukoharjo', '2019-07-22', '<1', 'IGD', 'BPD', '3002438771', 'AKTIF', 0, 0, 0, '2019-07-22', 0, 0, 'pages/pegawai/photo/', '3404066806870002', '8cb2237d0679ca88db6464eac60da96345513964'),
(323, 'U141', 'Frada Wahyu satriya', 'Pria', 'Pramu Kebersihan', '-', '-', '-', '-', '-', 'Pramu Kebersiha', 'TK/0', '-', '-', 'SMK', 0, 'Surakarta', '2001-10-20', 'Panularan Rt 03 Rw 05, Laweyan', 'Suakarta', '2019-08-01', '<1', 'IGD', 'BPD', '3002441925', 'AKTIF', 0, 0, 0, '2019-08-01', 0, 0, 'pages/pegawai/photo/', '3372012010010006', '8cb2237d0679ca88db6464eac60da96345513964'),
(324, 'U122', 'Agus Priyono', 'Pria', 'Pengemudi', '-', '-', '-', '-', '-', 'Pengemudi', 'K/2', '-', '-', 'SMP', 0, 'Surakarta', '1976-05-16', 'Pucang Sawit Rt 01 Rw 12, Jebres', 'Surakarta', '2019-08-01', '<1', 'IGD', 'BPD', '3002442042', 'AKTIF', 0, 0, 0, '2019-08-01', 0, 0, 'pages/pegawai/photo/', '3372041605760005', '8cb2237d0679ca88db6464eac60da96345513964'),
(325, 'U132', 'Evi Purnaningsih', 'Wanita', 'Resepsionis', '-', '-', '-', '-', '-', 'Resepsionis', 'K/2', '-', '-', 'S1 Pendidikan', 0, 'Cilacap', '1986-11-08', 'Banyuanyar Rt 03 Rw 11, Banjarsari', 'Surakarta', '2019-08-01', '<1', 'IGD', 'BPD', '3002436280', 'AKTIF', 0, 0, 0, '2019-08-01', 0, 0, 'pages/pegawai/photo/', '3301054811860001', '8cb2237d0679ca88db6464eac60da96345513964'),
(326, 'U124', 'Subagyo Lelono', 'Pria', 'Satpam', '-', '-', '-', '-', '-', 'Satpam', '-', '-', '781428156526000', '-', 0, 'Banyuwangi', '1963-12-14', 'Sumpingan 1/1 Kadipiro, Banjarsari', 'Surakarta', '2019-06-01', '<1', 'IGD', 'BPD', '-', 'AKTIF', 0, 0, 0, '2019-06-01', 0, 0, 'pages/pegawai/photo/', '3372051412630001', '8cb2237d0679ca88db6464eac60da96345513964'),
(327, 'U120', 'Yudik Prasetyo Utomo', 'Pria', 'Pengemudi', '-', '-', '-', '-', '-', 'Pengemudi', 'K/2', '-', '-', 'SMK', 0, 'Surakarta', '1982-01-01', 'Sondakan Rt 01 Rw 12, Laweyan', 'Surakarta', '2019-08-01', '<1', 'IGD', 'BPD', '3002442077', 'AKTIF', 0, 0, 0, '2019-08-01', 0, 0, 'pages/pegawai/photo/', '3372010101820003', '8cb2237d0679ca88db6464eac60da96345513964'),
(328, 'U127', 'Mahendra Cahyo Irianto, S.H', 'Pria', 'Satpam', '-', '-', '-', '-', '-', 'Satpam', 'TK/0', '-', '924911191526000', '-', 0, 'Surakarta', '1995-03-27', 'Semanggi 3/11 Semanggi, Pasar Kliwon', 'Surakarta', '2019-08-01', '<1', 'IGD', 'BPD', '-', 'AKTIF', 0, 0, 0, '2019-08-01', 0, 0, 'pages/pegawai/photo/', '3372032703950002', '8cb2237d0679ca88db6464eac60da96345513964'),
(329, 'U155', 'Sarwadi', 'Pria', 'Satpam', '-', '-', '-', '-', '-', 'Satpam', 'TK/0', '-', '-', 'SMA', 0, 'Surakarta', '1974-01-08', 'Sangkrah Rt 01 Rw 11, Pasarkliwon', 'Suakarta', '2019-08-01', '<1', 'IGD', 'BPD', '2002150487', 'AKTIF', 0, 0, 0, '2019-08-01', 0, 0, 'pages/pegawai/photo/', '3372030801740003', '8cb2237d0679ca88db6464eac60da96345513964'),
(330, 'U158', 'M. Indrayudi Efendi, S.Psi', 'Pria', 'Satpam', '-', '-', '-', '-', '-', 'Satpam', 'K/1', '-', '-', '-', 0, 'Surakarta', '0000-00-00', 'Yosodipuran 3/2 Kedung Lumbu, Pasar Kiwon', 'Surakarta', '2019-08-01', '<1', 'IGD', 'BPD', '3076053081', 'AKTIF', 0, 0, 0, '2019-08-01', 0, 0, 'pages/pegawai/photo/', '3372032806750001', '8cb2237d0679ca88db6464eac60da96345513964'),
(331, 'U156', 'Anung Sulistyoko', 'Pria', 'Satpam', '-', '-', '-', '-', '-', 'Satpam', 'K/3', '-', '-', 'SMA', 0, 'Surakarta', '1974-09-15', 'Mojo Rt 02 Rw 05, Pasarkliwon', 'Surakarta', '2019-08-01', '<1', 'IGD', 'BPD', '3076053188', 'AKTIF', 0, 0, 0, '2019-08-01', 0, 0, 'pages/pegawai/photo/', '3372051309740002', '8cb2237d0679ca88db6464eac60da96345513964'),
(332, 'U125', 'Hesti Mulyo Margono', 'Pria', 'Satpam', '-', '-', '-', '-', '-', 'Satpam', 'K/1', '-', '-', 'SMA', 0, 'Surakarta', '1979-03-01', 'Semanggi Rt 03 Rw 08, Pasarkliwon', 'Surakarta', '2019-08-01', '<1', 'IGD', 'BPD', '3002442034', 'AKTIF', 0, 0, 0, '2019-08-01', 0, 0, 'pages/pegawai/photo/', '3372030103750002', '8cb2237d0679ca88db6464eac60da96345513964'),
(333, 'U128', 'Roni Widiyanto', 'Pria', 'Satpam', '-', '-', '-', '-', '-', 'Satpam', 'K/3', '-', '-', 'SMK', 0, 'Surakarta', '1987-11-21', 'Semanggi RT 04 Rw 07, Pasarkliwon', 'Surakarta', '2019-08-01', '<1', 'IGD', 'BPD', '3002442018', 'AKTIF', 0, 0, 0, '2019-08-01', 0, 0, 'pages/pegawai/photo/', '3372032111870001', '8cb2237d0679ca88db6464eac60da96345513964'),
(334, 'U131', 'Jefri Krisnanto', 'Pria', 'Satpam', '-', '-', '-', '-', '-', 'Satpam', 'TK/0', '-', '-', 'SMK', 0, 'Surakarta', '1998-12-01', 'Mojo Rt 07 Rw 03, Pasarkliwon', 'Surakarta', '2019-08-01', '<1', 'IGD', 'BPD', '3002442051', 'AKTIF', 0, 0, 0, '2019-08-01', 0, 0, 'pages/pegawai/photo/', '3372030112980001', '8cb2237d0679ca88db6464eac60da96345513964'),
(335, 'U129', 'Tri Sulistyono', 'Pria', 'Satpam', '-', '-', '-', '-', '-', '-', 'K/3', '-', '924845720526000', '-', 0, 'Surakarta', '1974-11-22', 'Mojo 2/2 Mojo, Pasar Kliwon', 'Surakarta', '2019-08-01', '<1', 'IGD', 'BPD', '3076066476', 'AKTIF', 0, 0, 0, '2019-08-01', 0, 0, 'pages/pegawai/photo/', '3372032211740006', '8cb2237d0679ca88db6464eac60da96345513964'),
(336, 'U130', 'Ari Sunarso', 'Pria', 'Satpam', '-', '-', '-', '-', '-', 'Satpam', 'K/4', '-', '-', 'SMK', 0, 'Surakarta', '1981-10-10', 'Mojo Rt 04 Rw 03, Pasarkliwon', 'Surakarta', '2019-08-01', '<1', 'IGD', 'BPD', '3002441771', 'AKTIF', 0, 0, 0, '2019-08-01', 0, 0, 'pages/pegawai/photo/', '3372031010810003', '8cb2237d0679ca88db6464eac60da96345513964'),
(337, 'U157', 'Teguh Subiyantoro', 'Pria', 'Satpam', '-', '-', '-', '-', '-', 'Satpam', 'K/1', '-', '-', 'SMK', 0, 'Wonogiri', '1982-05-13', 'Debegan Rt 04 Rw 06, Mojosongo, Jebres', 'Surakarta', '2019-08-01', '<1', 'IGD', 'BPD', '2076037844', 'AKTIF', 0, 0, 0, '2019-08-01', 0, 0, 'pages/pegawai/photo/', '3372041305820002', '8cb2237d0679ca88db6464eac60da96345513964'),
(338, 'U159', 'Heri Prasetyo', 'Pria', 'Satpam', '-', '-', '-', '-', '-', 'Satpam', 'K/2', '-', '-', 'SMA', 0, 'Surakarta', '1987-10-26', 'Semanggi Rt 02 Rw 06, Pasarkliwon', 'Surakarta', '2019-08-01', '<1', 'IGD', 'BPD', '3076053218', 'AKTIF', 0, 0, 0, '2019-08-01', 0, 0, 'pages/pegawai/photo/', '3372032610870001', '8cb2237d0679ca88db6464eac60da96345513964'),
(339, 'U126', 'Herman Hariyanto', 'Pria', 'Satpam', '-', '-', '-', '-', '-', 'Satpam', 'TK/0', '-', '-', 'SMK', 0, 'SurakartA', '1995-10-20', 'Semanggi Rt 04 Rw 03, Pasarkliwon', 'Surakarta', '2019-08-01', '<1', 'IGD', 'BPD', '3002441895', 'AKTIF', 0, 0, 0, '2019-08-01', 0, 0, 'pages/pegawai/photo/', '3372032010950004', '8cb2237d0679ca88db6464eac60da96345513964'),
(340, 'U154', 'Oky Setiyawan', 'Pria', 'Satpam', '-', '-', '-', '-', '-', 'Satpam', 'TK/0', '-', '-', 'SMK', 0, 'Sukoharjo', '1995-12-26', 'Sangkrah Rt 04 Rw 01 Pasarkliwon', 'Surakarta', '2019-08-01', '<1', 'IGD', 'BPD', '3076053421', 'AKTIF', 0, 0, 0, '2019-08-01', 0, 0, 'pages/pegawai/photo/', '3311072612950001', '8cb2237d0679ca88db6464eac60da96345513964'),
(341, 'D0000018', 'dr. Wilis Kardina, Sp.Rad.', 'Wanita', '-', '-', '-', '-', '-', '-', '-', '-', '-', '-', '-', 0, 'Ngawi', '1985-09-19', 'Bendosari 4/3 Pajang Laweyan Surakarta', 'Surakarta', '1900-01-01', '<1', 'IGD', 'T', '-', 'AKTIF', 0, 0, 0, '1900-01-01', 0, 0, 'pages/pegawai/photo/', '-', '8cb2237d0679ca88db6464eac60da96345513964'),
(357, 'D0000020', 'dr. Lilik Prabowo, M.MR', 'Pria', '-', '-', '-', '-', '-', '-', '-', '-', '-', '-', '-', 0, 'Surakarta', '1980-10-26', 'Veteran 187, Surakarta', '-', '1900-01-01', '<1', '-', 'T', '-', 'KELUAR', 0, 0, 0, '1900-01-01', 0, 0, 'pages/pegawai/photo/', '-', '8cb2237d0679ca88db6464eac60da96345513964'),
(365, 'D0000022', 'Dr. Ahmad Saleh Sp.An', 'Pria', '-', '-', '-', '-', '-', '-', '-', '-', '-', '-', '-', 0, 'Sragen', '1986-12-17', 'Jl. Kutai 2 No.9 Sumber Banjarsari Surakarta', 'Surakarta', '1900-01-01', '<1', 'IGD', 'T', '-', 'AKTIF', 0, 0, 0, '1900-01-01', 0, 0, 'pages/pegawai/photo/', '-', '8cb2237d0679ca88db6464eac60da96345513964'),
(405, 'D0000023', 'NUTRISIONIST', 'Pria', '-', '-', '-', '-', '-', '-', '-', '-', '-', '-', '-', 0, '', '2019-10-17', 'SUKOHARJO', '-', '1900-01-01', '<1', '-', 'T', '-', 'AKTIF', 0, 0, 0, '1900-01-01', 0, 0, 'pages/pegawai/photo/', '-', '8cb2237d0679ca88db6464eac60da96345513964'),
(407, 'DSO0002', 'dr. Andy Wijaya , Sp.OG, M.Kes', 'Pria', '-', '-', '-', '-', '-', '-', '-', '-', '-', '-', '-', 0, 'Cirebon', '1985-12-10', 'Jl. IR JUANDA NO.41 2/2, Purwodiningratan, Jebres', 'Surakarta', '1900-01-01', '<1', 'IGD', 'T', '-', 'AKTIF', 0, 0, 0, '1900-01-01', 0, 0, 'pages/pegawai/photo/', '-', '8cb2237d0679ca88db6464eac60da96345513964'),
(491, 'DSN0001', 'dr. Galuh Candrasari, Sp. N', 'Wanita', 'DOKTER SPESIALIS NEUROLOG', '-', '-', '-', '-', 'RJ', 'Sp. Neurologi', 'TK/0', '-', '66341109852800', 'DOKTER SPESIALIS NEUROLOGI', 0, 'SURAKARTA', '1988-03-24', 'JL. JAYANINGSIH NO.14 BENOWO, 06/08 NGRINGO JATEN', 'KARANGANYAR', '2020-03-02', '<1', 'RJ', 'BPD', '-', 'AKTIF', 0, 0, 0, '2020-03-02', 0, 0, 'pages/pegawai/photo/', '3313116403880001', '8cb2237d0679ca88db6464eac60da96345513964'),
(494, '198203032011012007', 'Dina Sulistyowati, S.Fam, Apt', 'Wanita', '-', '-', '-', '-', '-', '-', '-', '-', '-', '-', '-', 0, 'Surakarta', '1982-03-03', 'Ketelan, Banjarsari', '-', '1900-01-01', '<1', '-', 'T', '-', 'AKTIF', 0, 0, 0, '1900-01-01', 0, 0, 'pages/pegawai/photo/', '-', '8cb2237d0679ca88db6464eac60da96345513964'),
(498, 'D0000026', 'drg. Sarasti Puji R L N. MD.Sc. Sp.KGA', 'Wanita', '-', '-', '-', '-', '-', '-', 'Dokter Gigi', '-', '-', '-', '-', 0, 'Sukoharjo', '1979-12-13', 'Jl.Kolonel Sugiono No.212B Sekip 03/23 Kadipiro', 'Banjarsari,Surakarta', '1900-01-01', '<1', 'IGD', 'BPD', '-', 'AKTIF', 0, 0, 0, '1900-01-01', 0, 0, 'pages/pegawai/photo/', '-', '8cb2237d0679ca88db6464eac60da96345513964'),
(499, 'BD004', 'Rahmasari Adiwati, A.Md.Keb', 'Wanita', 'Bidan', '-', '-', '-', '-', '-', 'Bidan', 'K/0', '-', '930435748526000', 'D3 KEBIDANAN', 0, 'Surakarta', '1991-12-14', 'Jl. Kapten Mulyadi 247 4/4 Joyosuran, Pasar Kliwon', 'Surakarta', '2019-09-01', '<1', 'IGD', 'BPD', '3002444665', 'AKTIF', 0, 0, 0, '1991-09-01', 0, 0, 'pages/pegawai/photo/', '3372035412910002', '8cb2237d0679ca88db6464eac60da96345513964'),
(500, 'BD005', 'Endang Wijayanti Pamungkas, A.Md.Keb', 'Wanita', 'Bidan', '-', '-', '-', '-', '-', 'Bidan', 'K/0', '-', '-', 'D3 KEBIDANAN', 0, 'Jakarta', '1991-09-18', 'Rejosari 2/14 Gilingan, Banjarsari, Surakarta', 'Surakarta', '2019-09-01', '<1', 'IGD', 'BPD', '3002444657', 'AKTIF', 0, 0, 0, '2019-09-01', 0, 0, 'pages/pegawai/photo/', '3372055809910004', '8cb2237d0679ca88db6464eac60da96345513964'),
(501, 'BD006', 'Risqi Inayah, A.Md.Keb', 'Wanita', 'Bidan', '-', '-', '-', '-', '-', 'Bidan', 'TK/0', '-', '841616816526000', 'D3 KEBIDANAN', 0, 'Surakarta', '1996-08-17', 'Jogosuran 1/7 Danukusuman, Serengan, Surakarta', 'Surakarta', '2019-09-01', '<1', 'IGD', 'BPD', '3002444681', 'AKTIF', 0, 0, 0, '2019-09-01', 0, 0, 'pages/pegawai/photo/', '3372025708960004', '8cb2237d0679ca88db6464eac60da96345513964'),
(502, 'BD007', 'Resdia Pidotama, A.Md.Keb', 'Wanita', 'Bidan', '-', '-', '-', '-', '-', 'Bidan', 'TK/0', '-', '930236898526000', 'D3 KEBIDANAN', 0, 'Surakarta', '1996-04-25', 'Kutai Timur 5B No.9/13 RT 5 RW 8 Sumber Banjarsari', 'Surakarta', '2019-09-01', '<1', 'IGD', 'BPD', '3002444649', 'AKTIF', 0, 0, 0, '2019-09-01', 0, 0, 'pages/pegawai/photo/', '3372056504960007', '8cb2237d0679ca88db6464eac60da96345513964'),
(503, 'BD008', 'Belqis Seretora Irucha, A.Md.Keb', 'Wanita', 'Bidan', '-', '-', '-', '-', '-', 'Bidan', 'TK/0', '-', '930204441526000', 'D3 KEBIDANAN', 0, 'Karanganyar', '1995-11-25', 'Sambirejo 5/9 Banjarsari, Banjarsari, Surakarta', 'Surakarta', '2019-09-01', '<1', 'IGD', 'BPD', '3002444690', 'AKTIF', 0, 0, 0, '2019-09-01', 0, 0, 'pages/pegawai/photo/', '3372056511950007', '8cb2237d0679ca88db6464eac60da96345513964'),
(504, 'P009009', 'Ganesha Pramudia, AMK', 'Pria', 'Perawat', '-', '-', '-', '-', '-', 'Perawat', 'TK/0', '-', '931333843526000', 'D3 PERAWAT', 0, 'Surakarta', '1988-06-24', 'Mloyokusuman No 42 2/12 Baluwarti, Pasar Kliwon', 'Surakarta', '2019-09-09', '<1', 'IGD', 'BPD', '3002444673', 'AKTIF', 0, 0, 0, '2019-09-09', 0, 0, 'pages/pegawai/photo/', '3372032406880000', '8cb2237d0679ca88db6464eac60da96345513964'),
(523, '123', 'admin', 'Pria', '-', '-', '-', '-', '-', '-', '-', '-', '-', '-', '-', 0, '-', '2019-11-12', '-', '-', '1900-01-01', '<1', '-', 'T', '-', 'AKTIF', 0, 0, 0, '1900-01-01', 0, 0, 'pages/pegawai/photo/', '-', '8cb2237d0679ca88db6464eac60da96345513964'),
(524, '1964122719890220003', 'BIRRU KURNIA, A.Md AK', 'Wanita', 'Pranata Laboratorium', 'PLSN', '-', '-', '-', 'RJ', 'Laboratorium', 'K/2', 'PNS', '491840187529000', 'D3 ANALIS KESEHATAN', 0, 'Karanganyar', '1964-12-27', 'Semarang 001/005 Semarang Banjarnegara', 'Banjarnegara', '2019-10-07', '<1', 'IGD', 'BPD', '2013140445', 'AKTIF', -5, 0, 0, '2019-10-07', 0, 0, 'pages/pegawai/photo/', '3304066712640002', '8cb2237d0679ca88db6464eac60da96345513964'),
(527, '198401242009032005', 'ENDANG KRISTIANINGSIH, S.Farm', 'Wanita', 'ASSISTEN APOTEKER', '-', '-', '-', '-', '-', 'AsistenApoteker', 'K/2', 'PNS', '782260442501000', 'S1 APOTEKER', 0, 'TEGAL', '1984-01-24', 'KETELAN 001/009 KETELAN BANJARSARI KOTA SURAKARTA', 'SURAKARTA', '2020-01-01', '<1', 'IGD', 'BPD', '0', 'AKTIF', 0, 0, 0, '0000-00-00', 0, 0, 'pages/pegawai/photo/', '3328176401840002', '8cb2237d0679ca88db6464eac60da96345513964'),
(530, 'APT006', 'DWI NUGRAHENI, S.Farm Apt', 'Wanita', 'APOTEKER', '01', '-', '-', '-', 'IGD', 'Apoteker', 'K/2', 'FT', '853484178526000', 'PROFESI APOTEKER', 0, 'SURAKARTA', '1985-07-13', 'TODIPAN 001 / 006 PURWOSARI LAWEYAN SURAKARTA', 'SURAKARTA', '2020-01-01', '<1', 'IGD', 'BPD', '3002382279', 'AKTIF', 0, 0, 0, '2020-01-01', 0, 0, 'pages/pegawai/photo/', '3372015307850026', '8cb2237d0679ca88db6464eac60da96345513964'),
(533, '196607231996102001', 'dr. Leliana Bambang, Sp.M', 'Wanita', 'DOKTER SPESIALIS MATA', '-', '-', '-', '-', 'RJ', 'Spesialis Mata', 'K/2', 'PNS', '-----', 'DOKTER SPESIALIS MATA', 0, 'PALEMBANG', '1966-07-23', 'JL. NANGKA BLOK FE 4 SOLO BARU GROGOL', 'SUKOHARJO', '2020-01-28', '<1', 'RJ', 'BPD', '3002072725', 'AKTIF', 0, 0, 0, '2020-01-28', 0, 0, 'pages/pegawai/photo/', '3311096307660002', '8cb2237d0679ca88db6464eac60da96345513964'),
(540, 'D0000027', 'LABORAT', 'Pria', '-', '-', '-', '-', '-', '-', '-', '-', '-', '-', '-', 0, '-', '2020-03-04', '-', '-', '1900-01-01', '<1', '-', 'T', '-', 'AKTIF', 0, 0, 0, '1900-01-01', 0, 0, 'pages/pegawai/photo/', '-', '8cb2237d0679ca88db6464eac60da96345513964'),
(541, 'D0000028', 'REHABILITASI MEDIK', 'Pria', '-', '-', '-', '-', '-', '-', '-', '-', '-', '-', '-', 0, '-', '2020-03-04', '-', '-', '1900-01-01', '<1', '-', 'T', '-', 'AKTIF', 0, 0, 0, '1900-01-01', 0, 0, 'pages/pegawai/photo/', '-', '8cb2237d0679ca88db6464eac60da96345513964'),
(542, 'D0000029', '-', 'Pria', '-', '-', '-', '-', '-', '-', '-', '-', '-', '-', '-', 0, '-', '2020-03-05', '-', '-', '1900-01-01', '<1', '-', 'T', '-', 'AKTIF', 0, 0, 0, '1900-01-01', 0, 0, 'pages/pegawai/photo/', '-', '8cb2237d0679ca88db6464eac60da96345513964'),
(543, '3306', 'dheeeeee', '', '-', '-', '-', '-', '-', '-', '-', '-', '-', '-', '-', 0, '-', '2020-03-05', '-', '-', '1900-01-01', '<1', '-', 'T', '-', 'AKTIF', 0, 0, 0, '1900-01-01', 0, 0, 'pages/pegawai/photo/', '-', '8cb2237d0679ca88db6464eac60da96345513964'),
(545, 'D0000030', 'FARMASI', 'Pria', '-', '-', '-', '-', '-', '-', '-', '-', '-', '-', '-', 0, '-', '2020-03-11', '-', '-', '1900-01-01', '<1', '-', 'T', '-', 'AKTIF', 0, 0, 0, '1900-01-01', 0, 0, 'pages/pegawai/photo/', '-', '8cb2237d0679ca88db6464eac60da96345513964'),
(551, 'D0000031', 'dr. Devi Amara', 'Wanita', 'DOKTER UMUM', '-', '-', '-', '-', 'IGD', 'Dokter Umum', 'K/2', 'FT', '694314493532000', 'PROFESI KEDOKTERAN', 0, 'SURAKARTA', '1988-09-10', 'BALESARI 001/005 GAYAM SUKOHARJO', 'SURAKARTA', '2020-05-02', '<1', 'IGD', 'BPD', '2030220121', 'AKTIF', 0, 0, 0, '1900-01-01', 0, 0, 'pages/pegawai/photo/', '-', '8cb2237d0679ca88db6464eac60da96345513964'),
(553, 'D0000032', 'dr. Setyowati Dita Ratnaputri', 'Wanita', '-', '-', '-', '-', '-', '-', '-', '-', '-', '-', '-', 0, '-', '2020-05-15', '-', '-', '1900-01-01', '<1', '-', 'T', '-', 'AKTIF', 0, 0, 0, '1900-01-01', 0, 0, 'pages/pegawai/photo/', '-', '8cb2237d0679ca88db6464eac60da96345513964'),
(554, 'P00052', 'RATIH HASTUTI, AMK', 'Wanita', 'PERAWAT', '-', '-', '-', '-', 'IGD', 'Perawat', 'K/1', 'ASN', '878944339528000', 'D3 PERAWAT', 0, 'KARANGANYAR', '1988-01-15', 'ASMIL 715 KOMPI A MOTULIATO TOLONGIO ANGGREK', 'GORONTALO UTARA', '2020-08-01', '<1', 'IGD', 'BPD', '0', 'AKTIF', 0, 0, 0, '2020-08-01', 0, 0, 'pages/pegawai/photo/', '3313135501880001', '8cb2237d0679ca88db6464eac60da96345513964'),
(555, 'D0000033', 'OK (Operasi)', 'Pria', '-', '-', '-', '-', '-', '-', '-', '-', '-', '-', '-', 0, '', '2020-08-18', '', '-', '1900-01-01', '<1', '-', 'T', '-', 'AKTIF', 0, 0, 0, '1900-01-01', 0, 0, 'pages/pegawai/photo/', '-', '8cb2237d0679ca88db6464eac60da96345513964'),
(556, 'DU009', 'dr. Christopher Andrean Putra Johansyah', 'Pria', 'Dokter Umum', '-', '-', '-', '-', 'IGD', 'Dokter Umum', 'TK/0', '-', '869706283532000', 'PROFESI KEDOKTERAN', 0, 'Surakarta', '1995-11-15', 'Jl. Nangka FE 4, Solo Baru, Gedangan, Grogol, Skh', 'Sukoharjo', '2020-09-01', '<1', 'IGD', 'BPD', '2174030041', 'AKTIF', 5, 0, 0, '2020-09-01', 0, 0, 'pages/pegawai/photo/', '3311091511950002', '8cb2237d0679ca88db6464eac60da96345513964'),
(558, 'D0000035', 'dr. Dede Rus Muchamad, Sp. KJ', 'Pria', '-', '-', '-', '-', '-', '-', '-', '-', '-', '-', '-', 0, 'Garut', '1975-05-12', 'Tegularum 17/06 Plumbon Sambung Macan', 'Sragen', '1900-01-01', '<1', 'IGD', 'T', '-', 'AKTIF', 0, 0, 0, '1900-01-01', 0, 0, 'pages/pegawai/photo/', '-', '8cb2237d0679ca88db6464eac60da96345513964'),
(560, 'U134', 'Ajeng Sista A,S.Psi', 'Wanita', 'Resepsionis', '-', '-', '-', '-', '-', 'Resepsionis', 'TK/0', '-', '-', '-', 0, '-', '0000-00-00', '-', '-', '0000-00-00', '<1', 'IGD', 'BPD', '-', 'AKTIF', 0, 0, 0, '0000-00-00', 0, 0, 'pages/pegawai/photo/', '-', '8cb2237d0679ca88db6464eac60da96345513964'),
(561, 'D0000036', 'dr. Agung Widhinugroho, Sp.B', 'Pria', 'Dokter Spesialis Bedah', '-', '-', '-', '-', '-', '-', '-', '-', '-', 'DOKTER SPESIALIS BEDAH', 0, 'Pekanbaru', '1988-08-22', 'GG.Siberut E37 Jl.Kaliurang KM 6.7 Sono 5/6 Sleman', 'Sleman', '1900-01-01', '<1', 'IGD', 'T', '-', 'AKTIF', 0, 0, 0, '1900-01-01', 0, 0, 'pages/pegawai/photo/', '-', '8cb2237d0679ca88db6464eac60da96345513964'),
(583, '199311012020121008', 'dr. Faisal Hafidh', 'Pria', 'Ahli Pertama Dokter', '-', '-', '-', '-', '-', 'Dokter Umum', '-', 'PNS', '-', 'PROFESI KEDOKTERAN', 0, 'Pati', '1993-11-01', 'Jl. Lompo Batang Barat no. 39 Mojosongo, Jebres', 'Surakarta', '2021-01-01', '<1', 'IGD', 'BPD', '-', 'AKTIF', -5, 0, 0, '2021-01-01', 0, 0, 'pages/pegawai/photo/', '3372040111930002', '8cb2237d0679ca88db6464eac60da96345513964'),
(584, '199405072020122019', 'dr. Meda Mitasari', 'Wanita', 'Ahli Pertama Dokter', '-', '-', '-', '-', '-', 'Dokter Umum', '-', 'PNS', '-', 'PROFESI KEDOKTERAN', 0, 'Sukoharjo', '1994-12-07', 'Ngrombo RT 02 RW 02 Kecamatan Baki Kabupaten', 'Sukoharjo', '2021-01-01', '<1', 'IGD', 'BPD', '-', 'AKTIF', -5, 0, 0, '2021-01-01', 0, 0, 'pages/pegawai/photo/', '3311104205940001', '8cb2237d0679ca88db6464eac60da96345513964'),
(585, '198909152020122019', 'dr. Mirandasari', 'Wanita', 'Ahli Pertama Dokter', '-', '-', '-', '-', '-', 'Dokter Umum', '-', 'PNS', '-', 'PROFESI KEDOKTERAN', 0, 'Bantul', '1989-09-15', 'Grand Sakinah Residence Nomor 39 Ngepeng RT01 RW08', 'Sidorejo Bendosari', '2021-01-01', '<1', 'IGD', 'BPD', '-', 'AKTIF', -5, 0, 0, '2021-01-01', 0, 0, 'pages/pegawai/photo/', '3402015509890002', '8cb2237d0679ca88db6464eac60da96345513964'),
(586, '199307302020122015', 'dr. Nadiah', 'Wanita', 'Ahli Pertama Dokter', '-', '-', '-', '-', '-', '-', '-', 'PNS', '-', '-', 0, 'Surabaya', '1993-07-30', 'Kahar Muzakir No. 157 RT02 RW07, Mojo,Pasar Kliwon', 'Surakarta', '2021-01-01', '<1', 'IGD', 'BPD', '-', 'AKTIF', -5, 0, 0, '2021-01-01', 0, 0, 'pages/pegawai/photo/', '3578107006930005', '8cb2237d0679ca88db6464eac60da96345513964'),
(587, '199511082020122023', 'dr. Noni Kartika Sari', 'Wanita', 'Dokter', '-', '-', '-', '-', '-', '-', '-', 'PNS', '-', 'PROFESI KEDOKTERAN', 0, 'Klaten', '1995-11-08', 'Jl. Veteran No. 293 RT 01 RW 08 Tipes, Serengan', 'Surakarta', '2021-01-01', '<1', 'IGD', 'BPD', '-', 'AKTIF', -5, 0, 0, '2021-01-01', 0, 0, 'pages/pegawai/photo/', '3372024811950001', '8cb2237d0679ca88db6464eac60da96345513964'),
(588, '198909122020122008', 'dr. Septina Anggi Puspitawati', 'Wanita', 'Ahli Pertama Dokter', '-', '-', '-', '-', '-', '-', '-', 'PNS', '-', 'PROFESI KEDOKTERAN', 0, 'Karangayar', '1989-09-12', 'Tegalasri RT01 RW08 no13 Kel.Bejen,Kec.Karanganyar', 'Karanganyar', '2021-01-01', '<1', 'IGD', 'BPD', '-', 'AKTIF', -5, 0, 0, '2021-01-01', 0, 0, 'pages/pegawai/photo/', '3313095209890005ra', '8cb2237d0679ca88db6464eac60da96345513964'),
(597, '5869797', 'hdhgdhnf', 'Pria', 'yyy', '-', '-', '-', '-', '-', '-', '-', '-', '776987980870', '-', 0, 'klulii', '2021-01-01', 'kjhjhl', 'hlhlh', '2021-01-01', '<1', 'IGD', 'BPD', '67768787', 'AKTIF', -5, 0, 0, '2021-01-01', 0, 0, 'pages/pegawai/photo/', '3372345678960001', '8cb2237d0679ca88db6464eac60da96345513964'),
(598, 'U161', 'Athaya Salsabila', 'Wanita', 'Kasir', '-', '-', '-', '-', '-', 'Kasir', 'TK/0', '-', '0', 'S1 Akuntansi', 0, 'Surakarta', '1997-12-13', 'Jalan Basuki Rahmat 24 Kerten Laweyan', 'Surakarta', '2021-01-01', '<1', 'IGD', 'BPD', '0', 'AKTIF', -5, 0, 0, '2021-01-01', 0, 0, 'pages/pegawai/photo/', '0', '8cb2237d0679ca88db6464eac60da96345513964'),
(600, '198010072005012007', 'Rafika Yanti, S.E', 'Wanita', 'Kasubag Keuangan', '-', '-', '-', '-', '-', 'KaSuBagKeuangan', 'K/3', 'PNS', '-', 'S1 EKONOMI', 0, 'Taluk Kuantan', '1980-10-07', 'Perum Pondok Baru Permai Blok A2 RT 4 RW 12 Gentan', 'Sukoharjo', '2021-01-01', '<1', 'IGD', 'BPD', '-', 'AKTIF', -5, 0, 0, '2021-01-01', 0, 0, 'pages/pegawai/photo/', '-', '8cb2237d0679ca88db6464eac60da96345513964'),
(602, '199805132020122005', 'Arinda Putri Setyawan, A.Md.Kep.', 'Wanita', 'Perawat', '-', '-', '-', '-', '-', 'Perawat', 'TK/0', 'PNS', '-', 'D3 PERAWAT', 0, 'Cilacap', '1998-05-13', 'Jl. Lingkar Timur No.2/55 RT.003 RW.016 Tegalkamul', '-', '2021-02-01', '<1', 'IGD', 'BPD', '-', 'AKTIF', 5, 0, 0, '2021-02-01', 0, 0, 'pages/pegawai/photo/', '3301215305980009', '8cb2237d0679ca88db6464eac60da96345513964'),
(603, '199912112020122002', 'Bunga Salsa Miranti, A.Md. Keb.', 'Wanita', 'Bidan', '-', '-', '-', '-', '-', 'Bidan', '-', 'PNS', '-', 'D3 KEBIDANAN', 0, 'Palembang', '1999-12-11', 'Jl. Anggrek Raya No.92 RT.02 / RW.01 Sialang, Sako', '-', '2021-02-01', '<1', 'IGD', 'BPD', '-', 'AKTIF', 5, 0, 0, '2021-02-01', 0, 0, 'pages/pegawai/photo/', '1671085112990007', '8cb2237d0679ca88db6464eac60da96345513964'),
(604, '199606302020122009', 'Rizky Suryaning Utami, A.Md', 'Wanita', 'Bidan', '-', '-', '-', '-', '-', 'Bidan', '-', 'PNS', '-', 'D3 KEBIDANAN', 0, 'Kutai', '1996-06-30', 'Karangasem RT 09 RW 04 Kel. Gumpang Kartasura, Suk', '-', '2021-02-01', '<1', 'IGD', 'BPD', '-', 'AKTIF', 5, 0, 0, '2021-02-01', 0, 0, 'pages/pegawai/photo/', '3311127006960001', '8cb2237d0679ca88db6464eac60da96345513964'),
(605, '199607012020122014', 'Intan Rahmania Dewi, S.Tr.Keb.', 'Wanita', 'Bidan', '-', '-', '-', '-', '-', 'Bidan', '-', '-', '-', '-', 0, 'Klaten', '1996-07-01', 'Gedongan Rt 01 / Rw 05, Jabung, Gantiwarno, Klaten', '-', '2021-02-01', '<1', 'IGD', 'BPD', '-', 'AKTIF', 5, 0, 0, '2021-02-01', 0, 0, 'pages/pegawai/photo/', '3310024107960001', '8cb2237d0679ca88db6464eac60da96345513964'),
(606, '199511232020122011', 'Irma Yuni Prastika, S.Tr.Keb.', 'Wanita', 'Bidan', '-', '-', '-', '-', '-', 'Bidan', '-', 'PNS', '-', '-', 0, 'Kediri', '1995-11-23', 'Jl. Datuk Dsn Ketangi  RT 003 RW 010 Bringin, Bada', '-', '2021-02-01', '<1', 'IGD', 'BPD', '-', 'AKTIF', 5, 0, 0, '2021-02-01', 0, 0, 'pages/pegawai/photo/', '3506266311950001', '8cb2237d0679ca88db6464eac60da96345513964'),
(607, '199408312020122023', 'Puspita Mayangsari Prabowo, S.Tr.Keb.', 'Wanita', 'Bidan', '-', '-', '-', '-', '-', 'Bidan', '-', 'PNS', '-', '-', 0, 'Pacitan', '1994-10-31', 'Betulo RT 001 RW 003 Bangunsari, Pacitan, Bangunsa', '-', '2021-02-01', '<1', 'IGD', 'BPD', '-', 'AKTIF', 5, 0, 0, '2021-02-01', 0, 0, 'pages/pegawai/photo/', '3501047108940004', '8cb2237d0679ca88db6464eac60da96345513964'),
(608, '199503042020122021', 'Tri Haryani, S.Tr.Keb.', 'Wanita', 'Bidan', '-', '-', '-', '-', '-', 'Bidan', '-', 'PNS', '-', '-', 0, 'Karanganyar', '1995-03-04', 'Jinarum RT.02/RW.01, Girilayu, Matesih, Karanganya', '-', '2021-02-01', '<1', 'IGD', 'BPD', '-', 'AKTIF', 5, 0, 0, '2021-02-01', 0, 0, 'pages/pegawai/photo/', '3313054403950001', '8cb2237d0679ca88db6464eac60da96345513964'),
(609, '199706172020122013', 'Ayu Ardiyanti, A.Md.Kep.', 'Wanita', 'Perawat', '-', '-', '-', '-', '-', 'Perawat', '-', 'PNS', '-', 'D3 PERAWAT', 0, 'Karanganyar', '1997-06-17', 'Dungiri RT 03 RW 06, Bolong, Karanganyar', '-', '2021-02-01', '<1', 'IGD', 'BPD', '-', 'AKTIF', 5, 0, 0, '2021-02-01', 0, 0, 'pages/pegawai/photo/', '3313095706970004', '8cb2237d0679ca88db6464eac60da96345513964'),
(610, '199609172020122014', 'Dewi Puji Astuti, A.Md.Kep.', 'Wanita', 'Perawat', '-', '-', '-', '-', '-', 'Perawat', '-', 'PNS', '-', '-', 0, 'Boyolali', '1996-09-17', 'Ledok 1/1 Cepokosawit, Sawit, Boyolali', '-', '2021-02-01', '<1', 'IGD', 'BPD', '-', 'AKTIF', 5, 0, 0, '2021-02-01', 0, 0, 'pages/pegawai/photo/', '3309085709960001', '8cb2237d0679ca88db6464eac60da96345513964'),
(611, '199606272020122010', 'Fichayati Arlita, A.Md.Kep.', 'Wanita', 'Perawat', '-', '-', '-', '-', '-', 'Perawat', '-', 'PNS', '-', 'D3 PERAWAT', 0, 'Wonogiri', '1996-06-27', 'Batu 2/4 Tegiri, Batuwarno, Wongiri', '-', '2021-02-01', '<1', 'IGD', 'BPD', '-', 'AKTIF', 5, 0, 0, '2021-02-01', 0, 0, 'pages/pegawai/photo/', '3312046706960001', '8cb2237d0679ca88db6464eac60da96345513964'),
(612, '199503162020122013', 'Istiqomah Nur Hidayah, A.Md.Kep.', 'Wanita', 'Perawat', '-', '-', '-', '-', '-', 'Perawat', '-', 'PNS', '-', 'D3 PERAWAT', 0, 'Surakarta', '1995-03-16', 'Krajan RT 05 RW 03 Mojosongo, Jebres, Surakarta', '-', '2021-02-01', '<1', 'IGD', 'BPD', '-', 'AKTIF', 5, 0, 0, '2021-02-01', 0, 0, 'pages/pegawai/photo/', '3372045603950001', '8cb2237d0679ca88db6464eac60da96345513964');
INSERT INTO `pegawai` (`id`, `nik`, `nama`, `jk`, `jbtn`, `jnj_jabatan`, `kode_kelompok`, `kode_resiko`, `kode_emergency`, `departemen`, `bidang`, `stts_wp`, `stts_kerja`, `npwp`, `pendidikan`, `gapok`, `tmp_lahir`, `tgl_lahir`, `alamat`, `kota`, `mulai_kerja`, `ms_kerja`, `indexins`, `bpd`, `rekening`, `stts_aktif`, `wajibmasuk`, `pengurang`, `indek`, `mulai_kontrak`, `cuti_diambil`, `dankes`, `photo`, `no_ktp`, `password`) VALUES
(613, '199601222020122012', 'Rika Arfik Istikomah, A.Md.Kep.', 'Wanita', 'Perawat', '-', '-', '-', '-', '-', 'Perawat', '-', 'PNS', '-', 'D3 PERAWAT', 0, 'Boyolali', '1996-01-22', 'Kenteng RT 05 RW 01 Kenteng, Nogosari, Boyolali', '-', '2021-02-01', '<1', 'IGD', 'BPD', '-', 'AKTIF', 5, 0, 0, '2021-02-01', 0, 0, 'pages/pegawai/photo/', '3309126201969001', '8cb2237d0679ca88db6464eac60da96345513964'),
(614, '199502142020122019', 'Vera Vero Nika, A.Md.Kep.', 'Wanita', 'Perawat', '-', '-', '-', '-', '-', 'Perawat', '-', 'PNS', '-', 'D3 PERAWAT', 0, 'Karanganyar', '1995-02-14', 'Krajan RT 2 RW 2 Karangpandan Karanganyar', '-', '2021-02-01', '<1', 'IGD', 'BPD', '-', 'AKTIF', 5, 0, 0, '2021-02-01', 0, 0, 'pages/pegawai/photo/', '3313085402950001', '8cb2237d0679ca88db6464eac60da96345513964'),
(615, '199203032020122014', 'Ciptaningrum Marisa Prawarti, S.Kep., Ns.', 'Wanita', 'Perawat', '-', '-', '-', '-', '-', 'Perawat', '-', 'PNS', '-', '-', 0, 'Sragen', '1992-03-03', 'Tangkil RT 03 RW 07 Tangkil, Sragen, Sragen', '-', '2021-02-01', '<1', 'IGD', 'BPD', '-', 'AKTIF', 5, 0, 0, '2021-02-01', 0, 0, 'pages/pegawai/photo/', '3314104303920002', '8cb2237d0679ca88db6464eac60da96345513964'),
(616, '198912122020122012', 'Daniar Dwi Ayunani, S.Kep., Ns.', 'Wanita', 'Perawat', '-', '-', '-', '-', '-', 'Perawat', '-', 'PNS', '-', 'D3 PERAWAT', 0, 'Klaten', '1989-12-12', 'Padangan RT 12/ RW 06 Bulan, Wonosari, Klaten', '-', '2021-02-01', '<1', 'IGD', 'BPD', '-', 'AKTIF', 5, 0, 0, '2021-02-01', 0, 0, 'pages/pegawai/photo/', '3310155212890001', '8cb2237d0679ca88db6464eac60da96345513964'),
(617, '198902262020122009', 'Eti Dwi Hapsari, S.Kep., Ns.', 'Wanita', 'Perawat', '-', '-', '-', '-', '-', 'Perawat', '-', 'PNS', '-', '-', 0, 'Tegal', '1989-02-26', 'Perum. Multazam Residence 5/4 Kertonatan, Kartasur', '-', '2021-02-01', '<1', 'IGD', 'BPD', '-', 'AKTIF', 5, 0, 0, '2021-02-01', 0, 0, 'pages/pegawai/photo/', '3328046602890001', '8cb2237d0679ca88db6464eac60da96345513964'),
(618, '199502132020122014', 'Mufidah Aulia Azis, S.Kep., Ns.', 'Wanita', 'Perawat', '-', '-', '-', '-', '-', 'Perawat', '-', 'PNS', '-', '-', 0, 'Sukoharjo', '1995-02-13', 'Canden RT 001 RW 008, Joho, Mojolaban Sukoharjo', '-', '2021-02-01', '<1', 'IGD', 'BPD', '-', 'AKTIF', 5, 0, 0, '2021-02-01', 0, 0, 'pages/pegawai/photo/', '3311085302950001', '8cb2237d0679ca88db6464eac60da96345513964'),
(619, '199112032020121006', 'Muhammad Fauzan, S.Kep., Ns.', 'Pria', 'Perawat', '-', '-', '-', '-', '-', 'Perawat', '-', 'PNS', '-', '-', 0, 'Sukoharjo', '1991-12-03', 'Palur Wetan 3/5 Palur, Mojolaban, Sukoharjo', '-', '2021-02-01', '<1', 'IGD', 'BPD', '-', 'AKTIF', 5, 0, 0, '2021-02-01', 0, 0, 'pages/pegawai/photo/', '3311080312910001', '8cb2237d0679ca88db6464eac60da96345513964'),
(620, 'P202101', 'Agus Handoko, AMK', 'Pria', 'Perawat', '-', '-', '-', '-', '-', 'Perawat', '-', 'ASN', '-', '-', 0, 'Ngawi', '1982-02-13', 'Wiroragen Gang Anggur 3/7 Ngadirejo, Kartasura, Su', '-', '2021-02-01', '<1', 'IGD', 'BPD', '-', 'AKTIF', 5, 0, 0, '2021-02-01', 0, 0, 'pages/pegawai/photo/', '3521171302820001', '8cb2237d0679ca88db6464eac60da96345513964'),
(621, 'P202102', 'Tri Agung Febriyanto, AMK', 'Pria', 'Perawat', '-', '-', '-', '-', '-', 'Perawat', '-', 'ASN', '-', 'D3 PERAWAT', 0, 'Boyolali', '1988-02-13', 'Pulerejo 8/3 Jurug, Mojosongo, Boyolali', '-', '2021-02-01', '<1', 'IGD', 'BPD', '-', 'AKTIF', 5, 0, 0, '2021-02-01', 0, 0, 'pages/pegawai/photo/', '3309061302880001', '8cb2237d0679ca88db6464eac60da96345513964'),
(642, '199008272020122011', 'Nuraini Irawati, A.Md', 'Wanita', 'Bidan', '-', '-', '-', '-', '-', 'Bidan', '-', 'PNS', '-', 'D3 KEBIDANAN', 0, 'Surakarta', '1990-08-27', 'Jl. Poso 1/6 Sewu, Jebres, Surakarta', '-', '2021-02-01', '<1', 'IGD', 'BPD', '-', 'AKTIF', 5, 0, 0, '2021-02-01', 0, 0, 'pages/pegawai/photo/', '3372046708900001', '8cb2237d0679ca88db6464eac60da96345513964'),
(644, '199304302020122008', 'Amanda Laksmi Kirana, A.Md', 'Wanita', 'Bidan', '-', '-', '-', '-', '-', 'Bidan', '-', '-', '-', 'D3 KEBIDANAN', 0, 'Surakarta', '1993-04-30', 'Kepatihan Kulon RT 6 RW 1 Kepatihan Kulon, Jebres', 'Surakarta', '2021-02-01', '<1', 'IGD', 'BPD', '-', 'AKTIF', 5, 0, 0, '2021-02-01', 0, 0, 'pages/pegawai/photo/', '3372047004930002', '8cb2237d0679ca88db6464eac60da96345513964'),
(645, '199407312020122027', 'Wahyuni, A.Md. Keb.', 'Wanita', 'Bidan', '-', '-', '-', '-', '-', 'Bidan', '-', '-', '-', 'D3 KEBIDANAN', 0, 'Sukoharjo', '1994-07-31', 'Bacak RT 003 RW 001 Kemasan, Polokarto, Sukoharjo', 'Sukoharjo', '2021-02-01', '<1', 'IGD', 'BPD', '-', 'AKTIF', 5, 0, 0, '2021-02-01', 0, 0, 'pages/pegawai/photo/', '3311077107940004', '8cb2237d0679ca88db6464eac60da96345513964'),
(646, '199806192020122007', 'Deila Tiara Sari, A.Md.Kep.', 'Wanita', 'Perawat', '-', '-', '-', '-', '-', 'Perawat', '-', '-', '-', 'D3 PERAWAT', 0, 'Sukoharjo', '1998-06-19', 'Tawang RT 2 RW 1 Ngombakan, Polokarto, Sukoharjo', 'Sukoharjo', '2021-02-01', '<1', 'IGD', 'BPD', '-', 'AKTIF', 5, 0, 0, '2021-02-01', 0, 0, 'pages/pegawai/photo/', '3311075906980001', '8cb2237d0679ca88db6464eac60da96345513964'),
(647, '199503202020122017', 'Rima Mintarsih, A.Md.Kep.', 'Wanita', 'Perawat', '-', '-', '-', '-', '-', 'Perawat', '-', '-', '-', 'D3 PERAWAT', 0, 'Sukoharjo', '1995-03-20', 'Nampan RT 001/ RW 001 Madegondo, Grogol, Sukoharjo', 'Sukoharjo', '2021-02-01', '<1', 'IGD', 'BPD', '-', 'AKTIF', 5, 0, 0, '2021-02-01', 0, 0, 'pages/pegawai/photo/', '3311096003950004', '8cb2237d0679ca88db6464eac60da96345513964'),
(648, '198807132020122007', 'Isnaini Rahmawati, S.Kep., Ns.', 'Wanita', 'Perawat', '-', '-', '-', '-', '-', 'Perawat', '-', '-', '-', 'S1 PERAWAT', 0, 'Boyolali', '1988-07-13', 'Windan, RT.01/RW.06, Makamhaji, Kartasura, Sukohar', 'Sukoharjo', '2021-02-01', '<1', 'IGD', 'BPD', '-', 'AKTIF', 5, 0, 0, '2021-02-01', 0, 0, 'pages/pegawai/photo/', '3311125307880001', '8cb2237d0679ca88db6464eac60da96345513964'),
(654, 'D0000024', 'dr. Fredy Danan Putra Sanjaya, Sp.An', 'Pria', 'Dokter Anestesi', '-', '-', '-', '-', '-', '-', '-', '-', '-', 'DOKTER SPESIALIS ANESTESIOLOGI', 0, 'Surakarta', '1988-07-14', 'Mondokan RT 01 RW 28 Jebres Surakarta', '-', '1900-01-01', '<1', 'IGD', 'T', '-', 'AKTIF', 0, 0, 0, '1900-01-01', 0, 0, 'pages/pegawai/photo/', '-', '8cb2237d0679ca88db6464eac60da96345513964'),
(655, '198102262010011009', 'dr. Sigit Kurniawan, Sp.An', 'Pria', 'Dokter Anestesi', '-', '-', '-', '-', '-', 'Anastesi', '-', '-', '596923425526000', 'DOKTER SPESIALIS ANESTESIOLOGI', 0, 'Surakarta', '1981-02-26', 'Jl. KH Dewantara 78 RT01 RW17 JEBRES SURAKARTA', 'SURAKARTA', '1900-01-01', '<1', 'IGD', 'BPD', '-', 'AKTIF', 0, 0, 0, '1900-01-01', 0, 0, 'pages/pegawai/photo/', '-', '8cb2237d0679ca88db6464eac60da96345513964'),
(656, 'U162', 'Muhamad Affan Fery Utomo', 'Pria', 'Kasir', '-', '-', '-', '-', '-', 'Kasir', '-', '-', '-', 'S1 Akuntansi', 0, 'Klaten', '1998-02-11', 'Jl. Klengkeng Mangkubumen RT02 RW01 Ngadirejo', 'Kartasura', '2021-01-01', '<1', 'IGD', 'BPD', '-', 'AKTIF', 0, 0, 0, '2021-01-01', 0, 0, 'pages/pegawai/photo/', '-', '8cb2237d0679ca88db6464eac60da96345513964'),
(657, '199503222020122017', 'Nur`aini Maghfuroh, S.Tr.Kep', 'Wanita', 'Penata Anestesi', '-', '-', '-', '-', '-', 'Anastesi', '-', '-', '0', '-', 0, 'Bantul', '1995-03-22', '-', '-', '2021-01-01', '<1', 'IGD', 'BPD', '-', 'AKTIF', 0, 0, 0, '2021-01-01', 0, 0, 'pages/pegawai/photo/', '-', '8cb2237d0679ca88db6464eac60da96345513964'),
(658, '199505272020122014', 'Alvionita Rosa Novitasari, S.Tr.Kep', 'Wanita', 'Penata Anestesi', '-', '-', '-', '-', '-', 'Anastesi', '-', '-', '0', '-', 0, 'Sleman', '1995-05-27', '-', '-', '2021-01-01', '<1', 'IGD', 'BPD', '-', 'AKTIF', 0, 0, 0, '2021-01-01', 0, 0, 'pages/pegawai/photo/', '-', '8cb2237d0679ca88db6464eac60da96345513964'),
(662, '199702192020122015', 'Arifiana Fitri Nur Fadhilah, S.Farm., Apt.', 'Wanita', 'Apoteker', '-', '-', '-', '-', '-', 'Apoteker', '-', '-', '936635184525000', '-', 0, '-', '2021-10-07', '-', '-', '1900-01-01', '<1', 'IGD', 'T', '-', 'AKTIF', 0, 0, 0, '1900-01-01', 0, 0, 'pages/pegawai/photo/', '3310245902970001', '8cb2237d0679ca88db6464eac60da96345513964'),
(663, '199503132020122014', 'Murti Setiati, S.Farm., Apt.', 'Wanita', 'Apoteker', '-', '-', '-', '-', '-', 'Apoteker', '-', '-', '900056573528000', '-', 0, '-', '2021-01-01', '-', '-', '2021-01-01', '<1', 'IGD', 'BPD', '-', 'AKTIF', 0, 0, 0, '2021-01-01', 0, 0, 'pages/pegawai/photo/', '3313135303950003', '8cb2237d0679ca88db6464eac60da96345513964'),
(665, '199201222020122010', 'Ayu Widhaningtyas, S.Farm,Apt', 'Wanita', 'Apoteker', '-', '-', '-', '-', '-', 'Apoteker', '-', '-', '410937510532000', '-', 0, '-', '2021-01-01', '-', '-', '2021-01-01', '<1', 'IGD', 'BPD', '-', 'AKTIF', 0, 0, 0, '2021-01-01', 0, 0, 'pages/pegawai/photo/', '3310116201920003', '8cb2237d0679ca88db6464eac60da96345513964'),
(666, '198908062020121007', 'Hadi Cahyo, S.Farm., Apt.', 'Pria', 'Apoteker', '-', '-', '-', '-', '-', 'Apoteker', '-', '-', '969313196527000', '-', 0, '-', '2021-01-01', '-', '-', '2021-01-01', '<1', 'IGD', 'BPD', '-', 'AKTIF', 0, 0, 0, '2021-01-01', 0, 0, 'pages/pegawai/photo/', '3309050608890003', '8cb2237d0679ca88db6464eac60da96345513964'),
(669, '198707112020122010', 'Atut Sulma Evi, S.Farm.,Apt', 'Wanita', 'Apoteker', '-', '-', '-', '-', '-', 'Apoteker', '-', '-', '342723814525000', '-', 0, '-', '2021-01-01', '-', '-', '2021-01-01', '<1', 'IGD', 'BPD', '-', 'AKTIF', 0, 0, 0, '2021-01-01', 0, 0, 'pages/pegawai/photo/', '3310155107870001', '8cb2237d0679ca88db6464eac60da96345513964'),
(670, '199204012020121015', 'Ahmad Syaifudin, A.Md. TEM', 'Pria', 'Teknisi Elektromedis', '-', '-', '-', '-', '-', '-', '-', '-', '410923338532000', '-', 0, '-', '2021-01-01', '-', '-', '2021-01-01', '<1', 'IGD', 'BPD', '-', 'AKTIF', 0, 0, 0, '2021-01-01', 0, 0, 'pages/pegawai/photo/', '199204012020121015', '8cb2237d0679ca88db6464eac60da96345513964'),
(672, '199405022020122016', 'Anisah Nur Handayani, A.Md.Ftr', 'Wanita', 'Fisioterapis', '-', '-', '-', '-', '-', '-', '-', '-', '411544620528000', '-', 0, '-', '2021-01-01', '-', '-', '2021-01-01', '<1', 'IGD', 'BPD', '-', 'AKTIF', 0, 0, 0, '2021-01-01', 0, 0, 'pages/pegawai/photo/', '3310134205940001', '8cb2237d0679ca88db6464eac60da96345513964'),
(674, '199808032020122003', 'Agnies Nur Afidah, A.Md. Kes.', 'Wanita', 'Fisioterapis', '-', '-', '-', '-', '-', 'Fisioterapis', '-', '-', '968660092528000', '-', 0, '-', '2021-01-01', '-', '-', '2021-01-01', '<1', 'IGD', 'BPD', '-', 'AKTIF', 0, 0, 0, '2021-01-01', 0, 0, 'pages/pegawai/photo/', '3313124308980003', '8cb2237d0679ca88db6464eac60da96345513964'),
(676, '199302262020122021', 'Putri Puput Sari, A.Md,Gz', 'Wanita', 'Nutrisionis', '-', '-', '-', '-', '-', 'Nutrisionis', '-', '-', '767690100542000', '-', 0, '-', '2021-01-01', '-', '-', '2021-01-01', '<1', 'IGD', 'BPD', '-', 'AKTIF', 0, 0, 0, '2021-01-01', 0, 0, 'pages/pegawai/photo/', '3404166602930002', '8cb2237d0679ca88db6464eac60da96345513964'),
(678, '199602262020122008', 'Amalia Nur Syafitri, A.Md.Gz', 'Wanita', 'Nutrisionis', '-', '-', '-', '-', '-', 'Nutrisionis', '-', '-', '961419090625000', '-', 0, '-', '2021-01-01', '-', '-', '2021-01-01', '<1', 'IGD', 'BPD', '-', 'AKTIF', 0, 0, 0, '2021-01-01', 0, 0, 'pages/pegawai/photo/', '3574026602960002', '8cb2237d0679ca88db6464eac60da96345513964'),
(680, '199605172020122020', 'Nurul Ilmi`ah Lestari, S.Tr.Gz', 'Wanita', 'Nutrisionis', '-', '-', '-', '-', '-', 'Nutrisionis', '-', '-', '954108320543000', '-', 0, '-', '2021-01-01', '-', '-', '2021-01-01', '<1', 'IGD', 'BPD', '-', 'AKTIF', 0, 0, 0, '2021-01-01', 0, 0, 'pages/pegawai/photo/', '3310115705960003', '8cb2237d0679ca88db6464eac60da96345513964'),
(682, '199804282020122006', 'Istiqomah, A.Md.Gz', 'Wanita', 'Nutrisionis', '-', '-', '-', '-', '-', 'Nutrisionis', '-', '-', '411212970525000', '-', 0, '-', '2021-01-01', '-', '-', '2021-01-01', '<1', 'IGD', 'BPD', '-', 'AKTIF', 0, 0, 0, '2021-01-01', 0, 0, 'pages/pegawai/photo/', '3310076804980002', '8cb2237d0679ca88db6464eac60da96345513964'),
(684, '199709062020122015', 'Septiana Wulandari, A. Md.', 'Wanita', 'Pranata Lab Kes', '-', '-', '-', '-', '-', 'Laboratorium', '-', '-', '956770762532000', '-', 0, '-', '2021-01-01', '-', '-', '2021-01-01', '<1', 'IGD', 'BPD', '-', 'AKTIF', 0, 0, 0, '2021-01-01', 0, 0, 'pages/pegawai/photo/', '3312084609970001', '8cb2237d0679ca88db6464eac60da96345513964'),
(686, '199309292020122024', 'Lulut Septiarini, A.md.AK', 'Wanita', 'Pranata Lab Kes', '-', '-', '-', '-', '-', 'Laboratorium', '-', '-', '960546406542000', '-', 0, '-', '2021-01-01', '-', '-', '2021-01-01', '<1', 'IGD', 'BPD', '-', 'AKTIF', 0, 0, 0, '2021-01-01', 0, 0, 'pages/pegawai/photo/', '3404076909930001', '8cb2237d0679ca88db6464eac60da96345513964'),
(688, '199104082020122010', 'Deny Narulitasari,Amd', 'Wanita', 'Pranata Lab Kes', '-', '-', '-', '-', '-', 'Laboratorium', '-', '-', '986641090528000', '-', 0, '-', '2021-01-01', '-', '-', '2021-01-01', '<1', 'IGD', 'BPD', '-', 'AKTIF', 0, 0, 0, '2021-01-01', 0, 0, 'pages/pegawai/photo/', '3313114804910003', '8cb2237d0679ca88db6464eac60da96345513964'),
(690, '199702232020122008', 'Nandyta Febryani, S.Tr.Kes', 'Wanita', 'Perawat Gigi', '-', '-', '-', '-', '-', 'Perawat Gigi', '-', '-', '411355993505000', '-', 0, '-', '2021-01-01', '-', '-', '2021-01-01', '<1', 'IGD', 'BPD', '-', 'AKTIF', 0, 0, 0, '2021-01-01', 0, 0, 'pages/pegawai/photo/', '3322066302970005', '8cb2237d0679ca88db6464eac60da96345513964'),
(692, '199206012020121015', 'Muhamad Yodi Vilianto, A.Md.Rad', 'Pria', 'Radiografer', '-', '-', '-', '-', '-', 'Radiografer', '-', '-', '715446951528000', '-', 0, '-', '2021-01-01', '-', '-', '2021-01-01', '<1', 'IGD', 'BPD', '-', 'AKTIF', 0, 0, 0, '2021-01-01', 0, 0, 'pages/pegawai/photo/', '3313120106920002', '8cb2237d0679ca88db6464eac60da96345513964'),
(694, '199506112020122008', 'LIENANDA YUNIARTI, S. ST', 'Wanita', 'Perekam Medis', '-', '-', '-', '-', '-', 'Rekam Medik', '-', '-', '867644585655000', '-', 0, '-', '2021-01-01', '-', '-', '2021-01-01', '<1', 'IGD', 'BPD', '-', 'AKTIF', 0, 0, 0, '2021-01-01', 0, 0, 'pages/pegawai/photo/', '3518145106950001', '8cb2237d0679ca88db6464eac60da96345513964'),
(696, '199007152020122010', 'NURCAHYANI EKA FATMAWATI, AMd.PK', 'Wanita', 'Perekam Medis', '-', '-', '-', '-', '-', 'Rekam Medik', '-', '-', '853426252526000', '-', 0, '-', '2021-01-01', '-', '-', '2021-01-01', '<1', 'IGD', 'BPD', '-', 'AKTIF', 0, 0, 0, '2021-01-01', 0, 0, 'pages/pegawai/photo/', '3313055507900001', '8cb2237d0679ca88db6464eac60da96345513964'),
(698, '199604252020122016', 'ERLIANA PUSPITA NINGRUM, A.Md.Kes', 'Wanita', 'Perekam Medis', '-', '-', '-', '-', '-', 'Rekam Medik', '-', '-', '840627079526000', '-', 0, '-', '2021-01-01', '-', '-', '2021-01-01', '<1', 'IGD', 'BPD', '-', 'AKTIF', 0, 0, 0, '2021-01-01', 0, 0, 'pages/pegawai/photo/', '3372046504960003', '8cb2237d0679ca88db6464eac60da96345513964'),
(700, '199303132020121008', 'DONNIAR RIYADI, A.Md.Kes.', 'Pria', 'Perekam Medis', '-', '-', '-', '-', '-', 'Rekam Medik', '-', '-', '663809861526000', '-', 0, '-', '2021-01-01', '-', '-', '2021-01-01', '<1', 'IGD', 'BPD', '-', 'AKTIF', 0, 0, 0, '2021-01-01', 0, 0, 'pages/pegawai/photo/', '3372051303930006', '8cb2237d0679ca88db6464eac60da96345513964'),
(702, '199708202020121007', 'Wisnu Aji Sudrajat, A.Md.Kes', 'Pria', 'Sanitarian', '-', '-', '-', '-', '-', '-', '-', '-', '410836191542000', '-', 0, '-', '2021-01-01', '-', '-', '2021-01-01', '<1', 'IGD', 'BPD', '-', 'AKTIF', 0, 0, 0, '2021-01-01', 0, 0, 'pages/pegawai/photo/', '3404172008970002', '8cb2237d0679ca88db6464eac60da96345513964'),
(704, '199607122020122020', 'TRI HASTUTI FATHIMAH, A.Md.', 'Wanita', 'Asisten Apoteker', '-', '-', '-', '-', '-', 'AsistenApoteker', '-', '-', '411112956527000', '-', 0, '-', '2021-01-01', '-', '-', '2021-01-01', '<1', 'IGD', 'BPD', '-', 'AKTIF', 0, 0, 0, '2021-01-01', 0, 0, 'pages/pegawai/photo/', '3309195207969001', '8cb2237d0679ca88db6464eac60da96345513964'),
(706, '199509102020121007', 'Mochamad Adriyadi Sageri, A.Md', 'Pria', 'Asisten Apoteker', '-', '-', '-', '-', '-', 'AsistenApoteker', '-', '-', '805199841008000', '-', 0, '-', '2021-01-01', '-', '-', '2021-01-01', '<1', 'IGD', 'BPD', '-', 'AKTIF', 0, 0, 0, '2021-01-01', 0, 0, 'pages/pegawai/photo/', '3175071009950010', '8cb2237d0679ca88db6464eac60da96345513964'),
(708, '199409272020122011', 'Nunik Nurjanah, A.Md., Farm', 'Wanita', 'Asisten Apoteker', '-', '-', '-', '-', '-', 'AsistenApoteker', '-', '-', '410551816532000', '-', 0, '-', '2021-01-01', '-', '-', '2021-01-01', '<1', 'IGD', 'BPD', '-', 'AKTIF', 0, 0, 0, '2021-01-01', 0, 0, 'pages/pegawai/photo/', '3311126709940003', '8cb2237d0679ca88db6464eac60da96345513964'),
(710, '199206122020121014', 'ATIQ MUSTAQIM, A. Md. Farm.', 'Pria', 'Asisten Apoteker', '-', '-', '-', '-', '-', 'AsistenApoteker', '-', '-', '755337458532000', '-', 0, '-', '2021-01-01', '-', '-', '2021-01-01', '<1', 'IGD', 'BPD', '-', 'AKTIF', 0, 0, 0, '2021-01-01', 0, 0, 'pages/pegawai/photo/', '3311111206920002', '8cb2237d0679ca88db6464eac60da96345513964'),
(712, '199107282020122020', 'Yuliati Puji Astuti, A.Md.Farm', 'Wanita', 'Asisten Apoteker', '-', '-', '-', '-', '-', 'AsistenApoteker', '-', '-', '440798353528000', '-', 0, '-', '2021-01-01', '-', '-', '2021-01-01', '<1', 'IGD', 'BPD', '-', 'AKTIF', 0, 0, 0, '2021-01-01', 0, 0, 'pages/pegawai/photo/', '3313106807910001', '8cb2237d0679ca88db6464eac60da96345513964'),
(714, '199001292020122022', 'MARTINA ERMINA WIDYASDITA,A.Md.Farm', 'Wanita', 'Asisten Apoteker', '-', '-', '-', '-', '-', 'AsistenApoteker', '-', '-', '588761239526000', '-', 0, '-', '2021-01-01', '-', '-', '2021-01-01', '<1', 'IGD', 'BPD', '-', 'AKTIF', 0, 0, 0, '2021-01-01', 0, 0, 'pages/pegawai/photo/', '3372046901900004', '8cb2237d0679ca88db6464eac60da96345513964'),
(717, '199408042020121009', 'Dita Adiguna, A.Md Rad.', 'Pria', 'Radiografer', '-', '-', '-', '-', '-', 'Radiografer', '-', '-', '742539802514000', '-', 0, '-', '2021-01-01', '-', '-', '2021-01-01', '<1', 'IGD', 'BPD', '-', 'AKTIF', 0, 0, 0, '2021-01-01', 0, 0, 'pages/pegawai/photo/', '3315130408940004', '8cb2237d0679ca88db6464eac60da96345513964'),
(723, 'D0000045', 'dr. Sigit Kurniawan, Sp.An', 'Pria', '-', '-', '-', '-', '-', '-', '-', '-', '-', '-', '-', 0, 'Surakarta', '1981-02-26', 'Jl. KH Dewantara 78 RT 01 RW 17 Jebres', '-', '1900-01-01', '<1', '-', 'T', '-', 'KELUAR', 0, 0, 0, '1900-01-01', 0, 0, 'pages/pegawai/photo/', '-', '8cb2237d0679ca88db6464eac60da96345513964'),
(726, '198001172010011011', 'Danang Wibowo, A.Md Farm ', 'Pria', 'Asisten Apoteker', '-', '-', '-', '-', '-', 'AsistenApoteker', '-', '-', '-', '-', 0, '', '2021-10-23', '-', '-', '1900-01-01', '<1', 'IGD', 'BPD', '-', 'AKTIF', 0, 0, 0, '1900-01-01', 0, 0, 'pages/pegawai/photo/', '3327081701800046', '8cb2237d0679ca88db6464eac60da96345513964'),
(727, '198808072020122011', 'Devi Ika Kurnianingtyas Solikhati, M.Sc. Apt', 'Wanita', 'Apoteker', '-', '-', '-', '-', '-', 'Apoteker', '-', '-', '466772175542000', '-', 0, '-', '2021-11-05', '-', '-', '1900-01-01', '<1', 'IGD', 'BPD', '-', 'AKTIF', 0, 0, 0, '1900-01-01', 0, 0, 'pages/pegawai/photo/', '3328104708880006', '8cb2237d0679ca88db6464eac60da96345513964'),
(728, 'U163', 'Novia Desta Sukmawati, A.Md.Ak', 'Wanita', 'Kasir', '-', '-', '-', '-', '-', '-', '-', '-', '-', 'D3 AKUNTANSI', 0, 'Surakarta', '1998-11-10', 'Bibis Kulon RT 05 RW 17 Gilingan Banjarsari Surakarta 57134', 'Surakarta', '1900-01-01', '<1', 'IGD', 'BPD', '-', 'AKTIF', 0, 0, 0, '1900-01-01', 0, 0, 'pages/pegawai/photo/', '3372055011980007', '8cb2237d0679ca88db6464eac60da96345513964'),
(729, '197003102002122002', 'dr. Indria Myrcia, Sp.P', 'Wanita', 'Dokter Spesialis Paru', '-', '-', '-', '-', '-', 'Spesialis Paru', '-', '-', '-', '-', 0, 'Padang', '1970-03-10', 'Jl.Jambu Blok H.09 RT05 RW01 Kampung Lapai', 'Padang', '1900-01-01', '<1', 'IGD', 'BPD', '-', 'AKTIF', 0, 0, 0, '1900-01-01', 0, 0, 'pages/pegawai/photo/', '-', '8cb2237d0679ca88db6464eac60da96345513964'),
(731, 'D0000047', 'dr. Bara Tracy Lovita', 'Wanita', 'Dokter Umum', '-', '-', '-', '-', '-', 'Dokter Umum', '-', '-', '-', 'S1 KEDOKTERAN', 0, 'Jakarta', '1994-09-12', 'JL.Cempaka Raya Blok C4 No.07 03/21 Sukatani', 'Tapos Depok', '1900-01-01', '<1', 'IGD', 'T', '-', 'AKTIF', 0, 0, 0, '1900-01-01', 0, 0, 'pages/pegawai/photo/', '-', '8cb2237d0679ca88db6464eac60da96345513964'),
(732, 'D0000048', 'dr. Katherine Gowary Sugiarto', 'Wanita', 'Dokter Umum', '-', '-', '-', '-', '-', 'Dokter Umum', '-', '-', '-', 'S1 KEDOKTERAN', 0, 'Surakarta', '1995-02-23', 'Cemani 07/14 Cemani Grogol Sukoharjo', 'Sukoharjo', '1900-01-01', '<1', 'IGD', 'T', '-', 'AKTIF', 0, 0, 0, '1900-01-01', 0, 0, 'pages/pegawai/photo/', '-', '8cb2237d0679ca88db6464eac60da96345513964'),
(734, 'U164', 'Asih Fajarwati', 'Wanita', 'Kasir', '-', '-', '-', '-', '-', 'Kasir', '-', '-', '-', '-', 0, 'Surakarta', '1997-10-28', 'Sabrang Lor RT 6 RW 8 Mojosongo Jawa Tengah Surakarta', 'Surakarta', '1900-01-01', '<1', 'IGD', 'BPD', '-', 'AKTIF', 0, 0, 0, '1900-01-01', 0, 0, 'pages/pegawai/photo/', '3372046810970005', '8cb2237d0679ca88db6464eac60da96345513964'),
(735, 'PLK006', 'Mia Khusnul Khotimah', 'Wanita', 'Laboratorium', '-', '-', '-', '-', '-', 'Laboratorium', '-', '-', '-', '-', 0, 'Sukoharjo', '1999-05-28', 'Dukuh RT 01 RW 09 Sapen Mojolaban Sukoharjo', 'Sukoharjo', '1900-01-01', '<1', 'IGD', 'BPD', '-', 'AKTIF', 0, 0, 0, '1900-01-01', 0, 0, 'pages/pegawai/photo/', '3311086805990004', '8cb2237d0679ca88db6464eac60da96345513964'),
(736, '001', 'Administrator', 'Pria', '-', '-', '-', '-', '-', '-', '-', '-', '-', '-', '-', 0, '-', '2022-03-31', '-', '-', '2022-03-31', '<1', 'IGD', 'T', '-', 'AKTIF', 0, 0, 0, '2022-03-31', 0, 0, '-', '-', '8cb2237d0679ca88db6464eac60da96345513964'),
(737, '-', '-', 'Pria', '-', '-', '-', '-', '-', '-', '-', '-', '-', '-', '-', 123, '-', '2022-04-06', '-', '-', '2022-04-06', '<1', '-', 'T', '-', 'AKTIF', 7, 123, 7, '2022-04-06', 1, 123, '-', '-', '8cb2237d0679ca88db6464eac60da96345513964'),
(740, 'PLK007', 'Tri Budiarti', 'Wanita', 'Laboratorium', '-', '-', '-', '-', '-', 'Laboratorium', '-', '-', '0', 'D3 ANALIS KESEHATAN', 0, 'Sukoharjo', '1998-04-05', 'Ngruki RT 02 RW 16 Cemani Grogol Sukoharjo', 'Sukoharjo', '2022-01-01', '<1', 'IGD', 'BPD', '0', 'AKTIF', 0, 0, 0, '2022-01-01', 0, 0, 'pages/pegawai/photo/', '3311094504980004', '8cb2237d0679ca88db6464eac60da96345513964'),
(741, 'P126', 'Sri Wahyuni', 'Wanita', 'Perawat', '-', '-', '-', '-', '-', 'Perawat', '-', '-', '0', '-', 0, 'Boyolali', '1987-08-01', 'Kiyaran RT 01 RW 01 Gombang Sawit Boyolali', 'Boyolali', '2022-01-01', '<1', 'IGD', 'BPD', '0', 'AKTIF', 0, 0, 0, '2022-01-01', 0, 0, 'pages/pegawai/photo/', '0', '8cb2237d0679ca88db6464eac60da96345513964'),
(742, 'P132', 'Uffi Nahari Yatul Fitrah', 'Wanita', 'Perawat', '-', '-', '-', '-', '-', 'Perawat', '-', '-', '0', '-', 0, 'Sukoharjo', '1998-06-24', 'Dukuh Tanjungsari RT 01 RW 05 Tangkisan Tawangsari', 'Sukoharjo', '2022-01-01', '<1', 'IGD', 'BPD', '0', 'AKTIF', 0, 0, 0, '2022-01-01', 0, 0, 'pages/pegawai/photo/', '0', '8cb2237d0679ca88db6464eac60da96345513964'),
(743, 'P133', 'Dhendy Wicaksono Irsyad', 'Pria', 'Perawat', '-', '-', '-', '-', '-', '-', '-', '-', '0', '-', 0, 'Ngawi', '1995-12-20', 'Dukuh Bayem  RT 03 RW 02 Tulakan Sine Ngawi', 'Ngawi', '2022-01-01', '<1', 'IGD', 'BPD', '0', 'AKTIF', 0, 0, 0, '2022-01-01', 0, 0, 'pages/pegawai/photo/', '0', '8cb2237d0679ca88db6464eac60da96345513964'),
(744, 'P135', 'Wahyuni Setyorini', 'Wanita', 'Perawat', '-', '-', '-', '-', '-', '-', '-', '-', '0', '-', 0, 'Boyolali', '1985-07-05', 'Tegalsono RT 01 RW 03 Kemasan, Sawit, Boyolali', 'Boyolali', '2022-01-01', '<1', 'IGD', 'BPD', '0', 'AKTIF', 0, 0, 0, '2022-01-01', 0, 0, 'pages/pegawai/photo/', '0', '8cb2237d0679ca88db6464eac60da96345513964'),
(747, 'DSKK0001', 'dr. Ambar Aliwardani, Sp.DV', 'Wanita', 'Dokter Kulit & Kelamin', '-', '-', '-', '-', '-', 'DokterSpesialis', '-', '-', '0', 'Dokter Spesialis Dermatologi dan Venereologi', 0, 'Cilacap', '1983-08-12', 'Jl. KS. Tubun 11/00 Dadi Mulya, Samarinda Ulu', 'Samarinda', '2022-01-01', '<1', 'IGD', 'BPD', '0', 'AKTIF', 0, 0, 0, '2022-01-01', 0, 0, 'pages/pegawai/photo/', '0', '8cb2237d0679ca88db6464eac60da96345513964'),
(748, 'DSTHT0001', 'dr. Muhammad Wildan Albi, Sp.THT-KL', 'Pria', 'Dokter Spesialis THT', '-', '-', '-', '-', '-', 'DokterSpesialis', '-', '-', '0', '-', 0, 'Magelang', '1989-03-16', 'Panjangan Atas 04/04 Ambartawang, Mungkid,Magelang', 'Magelang', '2022-01-01', '<1', 'IGD', 'BPD', '0', 'AKTIF', 0, 0, 0, '2022-01-01', 0, 0, 'pages/pegawai/photo/', '0', '8cb2237d0679ca88db6464eac60da96345513964'),
(749, 'DSRM0001', 'dr. Rinna Dwi Lestari, Sp.KFR', 'Wanita', 'Dokter Rehab Medik', '-', '-', '-', '-', '-', 'DokterSpesialis', '-', '-', '0', '-', 0, 'Banyuwangi', '1979-10-03', 'Jl.Kahuripan no.73 06/01 Sumber Banjarsari', 'Surakarta', '2022-01-01', '<1', 'IGD', 'BPD', '0', 'AKTIF', 0, 0, 0, '2022-01-01', 0, 0, 'pages/pegawai/photo/', '3307094310790002', '8cb2237d0679ca88db6464eac60da96345513964'),
(750, 'PLK008', 'Joko Suprihatin, A.Md', 'Pria', 'Laboratorium', '-', '-', '-', '-', '-', 'Laboratorium', '-', '-', '0', 'D3 ANALIS KESEHATAN', 0, 'Boyolali', '1979-01-01', 'Pomah 01/01 Mojosongo Boyolali', 'Boyolali', '2022-01-01', '<1', 'IGD', 'BPD', '0', 'AKTIF', 0, 0, 0, '2022-01-01', 0, 0, 'pages/pegawai/photo/', '0', '8cb2237d0679ca88db6464eac60da96345513964'),
(751, 'PLK009', 'Ndika Anggita Putri', 'Wanita', 'Laboratorium', '-', '-', '-', '-', '-', 'Laboratorium', '-', '-', '0', 'D3 ANALIS KESEHATAN', 0, 'Sukoharjo', '1999-01-08', 'Dagen 03/09 Mranggen Polokarto Sukoharjo', 'Sukoharjo', '2022-01-01', '<1', 'IGD', 'BPD', '0', 'AKTIF', 0, 0, 0, '2022-01-01', 0, 0, 'pages/pegawai/photo/', '0', '8cb2237d0679ca88db6464eac60da96345513964'),
(752, '198606062022212016', 'Riza Syah Pahlevi, A.Md.AK', 'Wanita', 'Laboratorium', '-', '-', '-', '-', '-', 'Laboratorium', '-', '-', '0', 'D3 ANALIS KESEHATAN', 0, 'Temanggung', '1986-06-06', 'Joyotakan 04/01 Serengan Surakarta', 'Surakarta', '2022-01-01', '<1', 'IGD', 'BPD', '0', 'AKTIF', 0, 0, 0, '2022-01-01', 0, 0, 'pages/pegawai/photo/', '3372024606860001', '8cb2237d0679ca88db6464eac60da96345513964'),
(753, '199001302022212002', 'Nur Rohmah Isnaini, A.Md.AK', 'Wanita', 'Laboratorium', '-', '-', '-', '-', '-', 'Laboratorium', '-', '-', '0', 'D3 ANALIS KESEHATAN', 0, 'KLATEN', '1990-01-30', 'Dukuhan Nayu 01/08 Joglo Banjarsari', 'Surakarta', '2022-01-01', '<1', 'IGD', 'BPD', '0', 'AKTIF', 0, 0, 0, '2022-01-01', 0, 0, 'pages/pegawai/photo/', '3310137001900003', '8cb2237d0679ca88db6464eac60da96345513964'),
(754, '199408122022212002', 'Effid Wahdatin Kurniawati, S.S.T', 'Wanita', 'Laboratorium', '-', '-', '-', '-', '-', 'Laboratorium', '-', '-', '0', '-', 0, 'Boyolali', '1994-08-12', 'Jl.Mandor Iren Gg.H.Moh Nur No.57 01/09 SunterJaya', 'Jakarta Utara', '2022-01-01', '<1', 'IGD', 'BPD', '0', 'AKTIF', 0, 0, 0, '2022-01-01', 0, 0, 'pages/pegawai/photo/', '3309075208940008', '8cb2237d0679ca88db6464eac60da96345513964'),
(755, '199402252022212003', 'Ambar Saraswati, A.Md.A.K', 'Wanita', 'Laboratorium', '-', '-', '-', '-', '-', 'Laboratorium', '-', '-', '0', 'D3 ANALIS KESEHATAN', 0, 'Padang', '1994-02-25', 'Gulon 03/019 Jebres Surakarta', 'Surakarta', '2022-01-01', '<1', 'IGD', 'BPD', '0', 'AKTIF', 0, 0, 0, '2022-01-01', 0, 0, 'pages/pegawai/photo/', '3372046502940006', '8cb2237d0679ca88db6464eac60da96345513964'),
(756, 'BD009', 'Astari Afriaty Munggaran,  S.Tr.Keb', 'Wanita', 'Bidan', '-', '-', '-', '-', '-', 'Bidan', '-', '-', '0', 'S1 KEBIDANAN', 0, 'Sukoharjo', '1998-04-09', 'Mangkuyudan RT 02 RW 03 Ngabeyan Kartasura', 'Sukoharjo', '2022-01-01', '<1', 'IGD', 'BPD', '0', 'AKTIF', 0, 0, 0, '2022-01-01', 0, 0, 'pages/pegawai/photo/', '0', '8cb2237d0679ca88db6464eac60da96345513964'),
(757, 'BD010', 'Desilia Ruslani, A.Md.Keb', 'Wanita', 'Bidan', '-', '-', '-', '-', '-', 'Bidan', '-', '-', '0', 'D3 KEBIDANAN', 0, 'Surakarta', '1992-12-24', 'Perum Josroyo Indah Jl.Raharja Indah I C26 04/15', 'Karanganyar', '1992-12-24', '<1', 'IGD', 'BPD', '0', 'AKTIF', 0, 0, 0, '2022-01-01', 0, 0, 'pages/pegawai/photo/', '0', '8cb2237d0679ca88db6464eac60da96345513964'),
(758, 'D0000049', 'dr. Monica Gisela Winata', 'Wanita', 'Dokter Umum', '-', '-', '-', '-', '-', 'Dokter Umum', '-', '-', '0', 'S1 KEDOKTERAN', 0, 'Surakarta', '1996-04-25', 'Jagalan 07/02 Jagalan, Jebres, Surakarta', 'Surakarta', '2022-01-01', '<1', 'IGD', 'BPD', '0', 'AKTIF', 0, 0, 0, '2022-01-01', 0, 0, 'pages/pegawai/photo/', '0', '8cb2237d0679ca88db6464eac60da96345513964'),
(759, 'P136', 'Akgnes Diyah Sistya, A.Md.Kep.', 'Wanita', 'Perawat', '-', '-', '-', '-', '-', 'Perawat', '-', '-', '0', 'D3 PERAWAT', 0, 'Sragen', '1995-01-20', 'Joyotakan 01/03 Serengan Surakarta', 'Surakarta', '2022-01-01', '<1', 'IGD', 'BPD', '0', 'AKTIF', 0, 0, 0, '2022-01-01', 0, 0, 'pages/pegawai/photo/', '0', '8cb2237d0679ca88db6464eac60da96345513964'),
(760, 'P137', 'Wilantika Ida Wardani', 'Wanita', 'Perawat', '-', '-', '-', '-', '-', 'Perawat', '-', '-', '0', '-', 0, 'Klaten', '1997-07-10', 'Satriyan RT 17 RW 05 Bulurejo Juwiring Klaten', 'Klaten', '2022-01-01', '<1', 'IGD', 'BPD', '0', 'AKTIF', 0, 0, 0, '2022-01-01', 0, 0, 'pages/pegawai/photo/', '0', '8cb2237d0679ca88db6464eac60da96345513964'),
(761, 'P138', 'Isma Eka Pratiwi', 'Wanita', 'Perawat', '-', '-', '-', '-', '-', 'Perawat', '-', '-', '0', '-', 0, 'Klaten', '1997-01-16', 'Dukuh Satriyan RT 17 RW 5 Bulurejo Juwiring Klaten', 'Klaten', '2022-01-01', '<1', 'IGD', 'BPD', '0', 'AKTIF', 0, 0, 0, '2022-01-01', 0, 0, 'pages/pegawai/photo/', '0', '8cb2237d0679ca88db6464eac60da96345513964'),
(762, 'P139', 'Faizal Fathurrokhim', 'Pria', 'Perawat', '-', '-', '-', '-', '-', 'Perawat', '-', '-', '0', '-', 0, 'Surakarta', '1997-11-09', 'Jl. Pleret Utama 1 03/12 Banyuanyar Banjarsari', 'Surakarta', '2022-01-01', '<1', 'IGD', 'BPD', '0', 'AKTIF', 0, 0, 0, '2022-01-01', 0, 0, 'pages/pegawai/photo/', '0', '8cb2237d0679ca88db6464eac60da96345513964'),
(763, 'BD011', 'Lilis Setyowati', 'Wanita', 'Bidan', '-', '-', '-', '-', '-', 'Bidan', '-', '-', '0', '-', 0, 'Sragen', '1979-05-03', 'Candirejo 02/01 Jurangjero Karangmalang', 'Sragen', '2022-01-01', '<1', 'IGD', 'BPD', '0', 'AKTIF', 0, 0, 0, '2022-01-01', 0, 0, 'pages/pegawai/photo/', '0', '8cb2237d0679ca88db6464eac60da96345513964'),
(764, '199503202022052001', 'Reissa Nur Fauziah, S.Psi.,M.Psi., Psikolog', 'Wanita', 'Psikolog Klinis', '-', '-', '-', '-', '-', '-', '-', '-', '0', '-', 0, 'Sukoharjo', '1995-03-20', 'Jagalan 02/05 Bumi, Laweyan,Surakarta', 'Surakarta', '2022-01-01', '<1', 'IGD', 'BPD', '0', 'AKTIF', 0, 0, 0, '2022-01-01', 0, 0, 'pages/pegawai/photo/', '0', '8cb2237d0679ca88db6464eac60da96345513964'),
(765, '199401092022212004', 'Martina Natalia Reing, A.Md.Rad', 'Wanita', 'Radiografer', '-', '-', '-', '-', '-', 'Radiografer', '-', '-', '0', '-', 0, 'Semarang', '1994-01-09', 'Jl.Karanggawang Lama 06/01 Sendangguwo Tembalang', 'Semarang', '2022-01-01', '<1', 'IGD', 'BPD', '0', 'AKTIF', 0, 0, 0, '2022-01-01', 0, 0, 'pages/pegawai/photo/', '0', '8cb2237d0679ca88db6464eac60da96345513964'),
(766, '199411152022212003', 'Esti Novianti, A.Md.Rad', 'Wanita', 'Radiografer', '-', '-', '-', '-', '-', 'Radiografer', '-', '-', '0', '-', 0, 'Demak', '1994-11-15', 'Pulosari 03/02 Pulosari Karang Tengah Demak', 'Demak', '2022-01-01', '<1', 'IGD', 'BPD', '0', 'AKTIF', 0, 0, 0, '2022-01-01', 0, 0, 'pages/pegawai/photo/', '0', '8cb2237d0679ca88db6464eac60da96345513964'),
(767, 'JNZ0001', 'Christina Sri Hartini', 'Wanita', 'Juru Rawat Jenazah', '-', '-', '-', '-', '-', '-', 'K/3', '-', '0', '-', 0, 'Klaten', '1974-02-14', 'Cengklik 03/20 Nusukan Banjarsari Kota Surakarta', 'Surakarta', '2022-01-01', '<1', 'IGD', 'BPD', '0', 'AKTIF', 0, 0, 0, '2022-01-01', 0, 0, 'pages/pegawai/photo/', '3372055402740006', '8cb2237d0679ca88db6464eac60da96345513964'),
(768, 'JNZ0002', 'Dodi Prabowo', 'Pria', 'Juru Rawat Jenazah', '-', '-', '-', '-', '-', '-', '-', '-', '550087167526000', 'SMK', 0, 'Surakarta', '1988-01-12', 'Semanggi 03/21 Semanggi Pasar Kliwon Surakarta', 'Surakarta', '2022-01-01', '<1', 'IGD', 'BPD', '0', 'AKTIF', 0, 0, 0, '2022-01-01', 0, 0, 'pages/pegawai/photo/', '3372031201880004', '8cb2237d0679ca88db6464eac60da96345513964');

-- --------------------------------------------------------

--
-- Table structure for table `periode_survey`
--

CREATE TABLE `periode_survey` (
  `kd_prd` int(11) NOT NULL,
  `nama_periode` varchar(20) NOT NULL,
  `status` int(1) NOT NULL DEFAULT 1
) ENGINE=InnoDB DEFAULT CHARSET=utf8mb4;

--
-- Dumping data for table `periode_survey`
--

INSERT INTO `periode_survey` (`kd_prd`, `nama_periode`, `status`) VALUES
(1, 'Januari', 1),
(2, 'Februari', 1),
(3, 'Maret', 1),
(4, 'April', 1),
(5, 'Mei', 1),
(6, 'Juni', 1),
(7, 'Juli', 1),
(8, 'Agustus', 1),
(9, 'September', 1),
(10, 'Oktober', 1),
(11, 'November', 1),
(12, 'Desember', 1);

-- --------------------------------------------------------

--
-- Table structure for table `pertanyaan`
--

CREATE TABLE `pertanyaan` (
  `id_pertanyaan` int(11) NOT NULL,
  `pertanyaan` text NOT NULL,
  `jenis_pertanyaan` enum('text','checkbox','radio','number','short') NOT NULL DEFAULT 'text',
  `kode_survey` varchar(20) NOT NULL,
  `create_at` timestamp NOT NULL DEFAULT current_timestamp()
) ENGINE=InnoDB DEFAULT CHARSET=utf8mb4;

--
-- Dumping data for table `pertanyaan`
--

INSERT INTO `pertanyaan` (`id_pertanyaan`, `pertanyaan`, `jenis_pertanyaan`, `kode_survey`, `create_at`) VALUES
(1, 'Apakah ini jenis pertanyaaan radio ?', 'radio', 'qwer', '2022-10-20 15:46:07'),
(2, 'Apakah ini pertanyaan checkbox?', 'checkbox', 'qwer', '2022-10-20 15:46:07'),
(3, 'Apa ini input text ?', 'text', 'qwer', '2022-10-20 15:46:46'),
(4, 'apa ini input number ?', 'number', 'qwer', '2022-10-20 15:46:46'),
(5, 'Pertanyaan radio lain', 'radio', 'qwer', '2022-10-20 16:20:20'),
(6, 'Pertanyaan teks lain', 'text', 'qwer', '2022-10-20 16:20:20'),
(8, 'sd', 'text', 'KS2022/01/32/001', '2022-11-17 15:25:58'),
(9, 'jk', 'checkbox', 'KS2022/01/32/001', '2022-11-17 15:25:58'),
(10, 'sd', 'text', 'KS2022/01/32/001', '2022-11-17 15:27:49'),
(11, 'jk', 'checkbox', 'KS2022/01/32/001', '2022-11-17 15:27:49'),
(12, 'Apakah ini bisa disebut pertanyaan ?', 'text', 'KS2022/01/32/002', '2022-11-17 17:50:14'),
(13, 'Apakah ini pertanyaan Checkbox?', 'checkbox', 'KS2022/01/32/002', '2022-11-17 17:50:15'),
(14, 'Apakah ini pertanyaan Radio?', 'radio', 'KS2022/01/32/002', '2022-11-17 17:50:15'),
(15, 'Apakah ini pertanyaan Checkbox?', 'checkbox', 'KS2022/01/32/002', '2022-11-17 17:50:15'),
(16, 'spa yang kami lakukan jika ini text input?', 'text', 'KS2022/01/32/004', '2022-11-18 03:09:20'),
(17, 'True kalo ini input checkbox?', 'checkbox', 'KS2022/01/32/004', '2022-11-18 03:09:21'),
(18, 'ini pertanyaan radio loh', 'radio', 'KS2022/01/32/004', '2022-11-18 03:09:22'),
(19, 'text lagi', 'text', 'KS2022/01/32/004', '2022-11-18 03:09:23'),
(20, 'ambil kopi dan nikmati, setuju?', 'radio', 'KS2022/01/32/004', '2022-11-18 03:09:23'),
(21, 'Left', 'text', 'KS2022/11/19/0001', '2022-11-19 13:21:38'),
(22, 'Right', 'checkbox', 'KS2022/11/19/0001', '2022-11-19 13:21:38'),
(23, 'Top', 'radio', 'KS2022/11/19/0001', '2022-11-19 13:21:38');

-- --------------------------------------------------------

--
-- Table structure for table `pertanyaan_checkbox`
--

CREATE TABLE `pertanyaan_checkbox` (
  `id` int(11) NOT NULL,
  `id_pertanyaan` int(11) NOT NULL,
  `text` text NOT NULL,
  `poin` int(11) NOT NULL DEFAULT 0,
  `create_at` timestamp NOT NULL DEFAULT current_timestamp()
) ENGINE=InnoDB DEFAULT CHARSET=utf8mb4;

--
-- Dumping data for table `pertanyaan_checkbox`
--

INSERT INTO `pertanyaan_checkbox` (`id`, `id_pertanyaan`, `text`, `poin`, `create_at`) VALUES
(1, 2, 'Laki', 0, '2022-10-20 16:04:40'),
(2, 2, 'perempuan', 0, '2022-10-20 16:04:40'),
(3, 2, 'other', 0, '2022-10-20 16:05:06'),
(4, 2, 'And', 0, '2022-10-20 16:05:06'),
(5, 11, 'dsd', 0, '2022-11-17 15:27:50'),
(6, 13, 'Ya', 0, '2022-11-17 17:50:15'),
(7, 13, 'Belum tentu', 0, '2022-11-17 17:50:15'),
(8, 13, 'Bisa jadi', 0, '2022-11-17 17:50:15'),
(9, 15, 'Ya', 0, '2022-11-17 17:50:15'),
(10, 15, 'Tidak', 0, '2022-11-17 17:50:15'),
(11, 17, 'Ya ndak tau', 0, '2022-11-18 03:09:21'),
(12, 17, 'tidak', 0, '2022-11-18 03:09:21'),
(13, 17, 'oke aja', 0, '2022-11-18 03:09:21'),
(14, 17, 'ga', 0, '2022-11-18 03:09:21'),
(15, 17, 'u', 0, '2022-11-18 03:09:22'),
(16, 22, 'False', 0, '2022-11-19 13:21:38'),
(17, 22, 'True', 0, '2022-11-19 13:21:38'),
(18, 22, 'Iya', 0, '2022-11-19 13:21:38');

-- --------------------------------------------------------

--
-- Table structure for table `pertanyaan_radio`
--

CREATE TABLE `pertanyaan_radio` (
  `id` bigint(20) NOT NULL,
  `id_pertanyaan` int(11) NOT NULL,
  `text` text DEFAULT NULL,
  `poin` int(11) NOT NULL DEFAULT 0,
  `create_at` timestamp NOT NULL DEFAULT current_timestamp()
) ENGINE=InnoDB DEFAULT CHARSET=utf8mb4;

--
-- Dumping data for table `pertanyaan_radio`
--

INSERT INTO `pertanyaan_radio` (`id`, `id_pertanyaan`, `text`, `poin`, `create_at`) VALUES
(1, 1, 'satu', 0, '2022-10-20 16:05:27'),
(2, 1, 'dua', 0, '2022-10-20 16:05:27'),
(3, 5, 'Radio lain', 0, '2022-10-20 16:20:54'),
(4, 5, 'Radio lain 2', 0, '2022-10-20 16:20:54'),
(5, 5, 'Radio lain 3', 0, '2022-10-20 16:21:06'),
(6, 14, 'Ya', 0, '2022-11-17 17:50:15'),
(7, 18, 'udah tau', 0, '2022-11-18 03:09:22'),
(8, 18, 'masa sih', 0, '2022-11-18 03:09:22'),
(9, 18, 'yoi', 0, '2022-11-18 03:09:23'),
(10, 20, 'tentu', 0, '2022-11-18 03:09:23'),
(11, 20, 'gak', 0, '2022-11-18 03:09:23'),
(12, 23, 'True', 0, '2022-11-19 13:21:38'),
(13, 23, 'False', 0, '2022-11-19 13:21:38'),
(14, 23, 'Dump', 0, '2022-11-19 13:21:38');

-- --------------------------------------------------------

--
-- Table structure for table `pertanyaan_text`
--

CREATE TABLE `pertanyaan_text` (
  `id` bigint(20) NOT NULL,
  `text` text DEFAULT NULL,
  `create_at` timestamp NOT NULL DEFAULT current_timestamp()
) ENGINE=InnoDB DEFAULT CHARSET=utf8mb4;

-- --------------------------------------------------------

--
-- Table structure for table `petugas`
--

CREATE TABLE `petugas` (
  `nip` varchar(20) NOT NULL,
  `nama` varchar(50) DEFAULT NULL,
  `jk` enum('L','P') DEFAULT NULL,
  `tmp_lahir` varchar(20) DEFAULT NULL,
  `tgl_lahir` date DEFAULT NULL,
  `gol_darah` enum('A','B','O','AB','-') DEFAULT NULL,
  `agama` varchar(12) DEFAULT NULL,
  `stts_nikah` enum('BELUM MENIKAH','MENIKAH','JANDA','DUDHA','JOMBLO') DEFAULT NULL,
  `alamat` varchar(60) DEFAULT NULL,
  `kd_jbtn` char(4) DEFAULT NULL,
  `no_telp` varchar(13) DEFAULT NULL,
  `status` enum('0','1') DEFAULT NULL
) ENGINE=InnoDB DEFAULT CHARSET=latin1;

--
-- Dumping data for table `petugas`
--

INSERT INTO `petugas` (`nip`, `nama`, `jk`, `tmp_lahir`, `tgl_lahir`, `gol_darah`, `agama`, `stts_nikah`, `alamat`, `kd_jbtn`, `no_telp`, `status`) VALUES
('-', '', 'L', '-', NULL, 'A', 'Islam', 'MENIKAH', '-', 'J006', '-', '1'),
('1964122719890220003', 'BIRRU KURNIA, A.Md AK', 'P', 'Karanganyar', '1964-12-27', 'A', 'ISLAM', 'MENIKAH', 'Semarang 001/005 Semarang Banjarnegara', 'L001', '', '1'),
('197008082009022001', 'Mudrikah, S.ST', 'P', 'Boyolali', '1970-08-08', 'O', 'ISLAM', 'MENIKAH', 'Kuyudan 3/5 Makamhaji, Kartasura, Sukoharjo', 'R008', '085642125008', '1'),
('197107111995032001', 'Fatmawati, Amd.KG', 'P', '-', '1971-07-11', 'A', 'ISLAM', 'MENIKAH', '-', 'J017', '', '1'),
('197802062010011017', 'Dwi Suparno,S.Kep.Ns', 'L', '', '2019-10-09', 'A', 'ISLAM', 'MENIKAH', 'Tega;lsari 2/1 Bulakrejo sukoharjo', 'J011', '', '1'),
('197806032009021002', 'Thoyib Haryono, S.ST', 'L', 'Karanganyar', '1978-06-03', 'A', 'ISLAM', 'MENIKAH', 'Mlandang 3/7 Kedungjeruk, Mojogedang, Karanganyar', 'P007', '', '1'),
('197911192011012003', 'Tantri Nofitasari, S.Gz', 'P', 'Klaten', '1979-11-19', 'A', 'ISLAM', 'MENIKAH', 'Perum Tamanwinangun Indah B.49 1/10 Tamanwinangun', 'Gz01', '', '1'),
('198001172010011011', 'Danang Wibowo, A.Md Farm ', 'L', '', '2021-10-23', '-', 'ISLAM', 'MENIKAH', '-', 'J012', '0', '1'),
('198010072005012007', 'Rafika Yanti, S.E', 'P', 'Taluk Kuantan', '1980-10-07', '-', 'ISLAM', 'MENIKAH', 'Perum Pondok Baru Permai Blok A2 RT 4 RW 12 Gentan', 'J032', '081365090045', '1'),
('198010232006042015', 'Nurul Muslimah, Amd.Gz', 'P', '-', '1980-10-23', '-', 'ISLAM', 'MENIKAH', '-', 'Gz01', '', '1'),
('198110052009021008', 'Tutut Ristiyawan, S.ST', 'L', 'Sleman', '1981-10-05', 'B', 'ISLAM', 'MENIKAH', 'Telukan rt3/9, Grogol, Sukoharjo', 'J009', '08122751859', '1'),
('198203032011012007', 'Dina Sulistyowati, S.Fam, Apt', 'P', 'Surakarta', '1982-03-03', 'O', 'KATOLIK', 'MENIKAH', 'Ketelan, Banjarsari', 'J013', '082138265750', '1'),
('198209272014062002', 'Dewi Rahmawati, Amd. Keb.', 'P', 'Ponorogo', '1982-09-27', 'A', 'ISLAM', 'MENIKAH', 'Langensari Barat 6/6 Langensari, Ungaran Barat', 'J016', '', '1'),
('198302012003122002', 'ARI LESTIYANINGSIH, AM Keb.', 'P', '-', '1983-02-01', 'A', 'ISLAM', 'MENIKAH', '-', 'J016', '', '1'),
('198401242009032005', 'ENDANG KRISTIANINGSIH, S.Farm', 'P', 'TEGAL', '1984-01-24', 'A', 'ISLAM', 'MENIKAH', 'KETELAN 001/009 KETELAN BANJARSARI KOTA SURAKARTA', 'J013', '', '1'),
('198408042010012030', 'Masruroh, Amd, Keb.', 'P', '-', '1984-08-04', 'A', 'ISLAM', 'MENIKAH', '-', 'J016', '', '1'),
('198606062022212016', 'Riza Syah Pahlevi, A.Md.AK', '', 'Temanggung', '1986-06-06', 'O', 'Islam', '', 'Joyotakan 04/01 Serengan Surakarta', 'L001', '0', '1'),
('198705042010012013', 'Putri Widyaningrum, Amd, Keb.', 'P', '-', '1987-05-04', 'A', 'ISLAM', 'MENIKAH', '-', 'J016', '', '1'),
('198707112020122010', 'Atut Sulma Evi, S.Farm.,Apt', 'P', '-', '2021-01-01', '-', '-', 'MENIKAH', '-', 'J013', '0', '1'),
('198804052010012011', 'Evi Kusuma Wardhani, Amd.Keb.', 'P', '-', '1988-04-05', 'A', 'ISLAM', 'MENIKAH', '-', 'J016', '', '1'),
('198807132020122007', 'Isnaini Rahmawati, S.Kep., Ns.', 'P', 'Boyolali', '1988-07-13', 'A', 'ISLAM', 'MENIKAH', 'Windan, RT.01/RW.06, Makamhaji, Kartasura, Sukohar', 'J009', '0', '1'),
('198808072020122011', 'Devi Ika Kurnianingtyas Solikhati, M.Sc. Apt', 'P', '-', '2021-11-05', '-', 'ISLAM', 'MENIKAH', '-', 'J013', '0', '1'),
('198902262020122009', 'Eti Dwi Hapsari, S.Kep., Ns.', 'P', 'Tegal', '1989-02-26', 'A', 'ISLAM', 'MENIKAH', 'Perum. Multazam Residence 5/4 Kertonatan, Kartasur', 'P007', '', '1'),
('198908062020121007', 'Hadi Cahyo, S.Farm., Apt.', 'L', '-', '2021-01-01', '-', '-', 'MENIKAH', '-', 'J013', '0', '1'),
('198912122020122012', 'Daniar Dwi Ayunani, S.Kep., Ns.', 'P', 'Klaten', '1989-12-12', 'A', 'ISLAM', 'MENIKAH', 'Padangan RT 12/ RW 06 Bulan, Wonosari, Klaten', 'J023', '', '1'),
('199001292020122022', 'MARTINA ERMINA WIDYASDITA,A.Md.Farm', 'P', '-', '2021-01-01', '-', '-', 'MENIKAH', '-', 'J012', '0', '1'),
('199001302022212002', 'Nur Rohmah Isnaini, A.Md.AK', '', 'KLATEN', '1990-01-30', '-', 'Islam', 'MENIKAH', 'Dukuhan Nayu 01/08 Joglo Banjarsari', 'L001', '0', '1'),
('199003152020122007', 'Khusnul Chorifah', 'P', 'Surakarta', '1990-03-15', 'B', 'ISLAM', 'MENIKAH', 'Sumber Rt 02 Rw 01, Sumber, Banjarsari', 'FIS1', '', '1'),
('199007152020122010', 'NURCAHYANI EKA FATMAWATI, AMd.PK', 'P', '-', '2021-01-01', '-', '-', 'MENIKAH', '-', 'J021', '0', '1'),
('199008272020122011', 'Nuraini Irawati, A.Md', 'P', 'Surakarta', '1990-08-27', 'A', 'ISLAM', 'MENIKAH', 'Jl. Poso 1/6 Sewu, Jebres, Surakarta', 'J016', '', '1'),
('199104082020122010', 'Deny Narulitasari,Amd', '', '-', '2021-01-01', '', 'Open this se', '', '-', 'L001', '', '1'),
('199107282020122020', 'Yuliati Puji Astuti, A.Md.Farm', 'P', '-', '2021-01-01', '-', '-', 'MENIKAH', '-', 'J012', '0', '1'),
('199112032020121006', 'Muhammad Fauzan, S.Kep., Ns.', 'L', 'Sukoharjo', '1991-12-03', 'A', 'ISLAM', 'MENIKAH', 'Palur Wetan 3/5 Palur, Mojolaban, Sukoharjo', 'R008', '', '1'),
('199201222020122010', 'Ayu Widhaningtyas, S.Farm,Apt', 'P', '-', '2021-01-01', '-', '-', 'MENIKAH', '-', 'J013', '0', '1'),
('199203032020122014', 'Ciptaningrum Marisa Prawarti, S.Kep., Ns.', 'P', 'Sragen', '1992-03-03', 'A', 'ISLAM', 'MENIKAH', 'Tangkil RT 03 RW 07 Tangkil, Sragen, Sragen', 'J033', '', '1'),
('199204012020121015', 'Ahmad Syaifudin, A.Md. TEM', 'L', '-', '2021-01-01', '-', '-', 'MENIKAH', '-', 'J034', '0', '1'),
('199206012020121015', 'Muhamad Yodi Vilianto, A.Md.Rad', 'L', '-', '2021-01-01', '-', '-', 'MENIKAH', '-', 'J004', '0', '1'),
('199206122020121014', 'ATIQ MUSTAQIM, A. Md. Farm.', 'L', '-', '2021-01-01', '-', '-', 'MENIKAH', '-', 'J012', '0', '1'),
('199302262020122021', 'Putri Puput Sari, A.Md,Gz', 'P', '-', '2021-01-01', '-', '-', 'MENIKAH', '-', 'Gz01', '0', '1'),
('199303132020121008', 'DONNIAR RIYADI, A.Md.Kes.', 'L', '-', '2021-01-01', '-', '-', 'MENIKAH', '-', 'J021', '0', '1'),
('199304302020122008', 'Amanda Laksmi Kirana, A.Md', 'P', 'Surakarta', '1993-04-30', 'A', 'ISLAM', 'MENIKAH', 'Kepatihan Kulon RT 6 RW 1 Kepatihan Kulon, Jebres', 'J016', '0', '1'),
('199309292020122024', 'Lulut Septiarini, A.md.AK', 'P', '-', '2021-01-01', '-', '-', 'MENIKAH', '-', 'L001', '0', '1'),
('199401092022212004', 'Martina Natalia Reing, A.Md.Rad', 'P', 'Semarang', '1994-01-09', '-', 'Kristen', 'BELUM MENIKAH', 'Jl.Karanggawang Lama 06/01 Sendangguwo Tembalang', 'J004', '0', '1'),
('199402252022212003', 'Ambar Saraswati, A.Md.A.K', '', 'Padang', '1994-02-25', 'B', 'Islam', 'MENIKAH', 'Gulon 03/019 Jebres Surakarta', 'L001', '0', '1'),
('199405022020122016', 'Anisah Nur Handayani, A.Md.Ftr', 'P', '-', '2021-01-01', '-', '-', 'MENIKAH', '-', 'FIS1', '0', '1'),
('199407312020122027', 'Wahyuni, A.Md. Keb.', 'P', 'Sukoharjo', '1994-07-31', 'A', 'ISLAM', 'MENIKAH', 'Bacak RT 003 RW 001 Kemasan, Polokarto, Sukoharjo', 'J016', '0', '1'),
('199408042020121009', 'Dita Adiguna, A.Md Rad.', 'L', '-', '2021-01-01', '-', '-', 'MENIKAH', '-', 'J004', '0', '1'),
('199408122022212002', 'Effid Wahdatin Kurniawati, S.S.T', '', 'Boyolali', '1994-08-12', 'B', 'Islam', 'MENIKAH', 'Jl.Mandor Iren Gg.H.Moh Nur No.57 01/09 SunterJaya', 'L001', '0', '1'),
('199408312020122023', 'Puspita Mayangsari Prabowo, S.Tr.Keb.', 'P', 'Pacitan', '1994-10-31', 'A', 'ISLAM', 'MENIKAH', 'Betulo RT 001 RW 003 Bangunsari, Pacitan, Bangunsa', 'J016', '', '1'),
('199409272020122011', 'Nunik Nurjanah, A.Md., Farm', 'P', '-', '2021-01-01', '-', '-', 'MENIKAH', '-', 'J012', '0', '1'),
('199411152022212003', 'Esti Novianti, A.Md.Rad', 'P', 'Demak', '1994-11-15', '-', 'Islam', 'BELUM MENIKAH', 'Pulosari 03/02 Pulosari Karang Tengah Demak', 'J004', '0', '1'),
('199412162020122016', 'Dessy Intansari Widyaningrum, S.Tr.Kep', 'P', 'Klaten', '1994-12-16', 'A', 'ISLAM', 'MENIKAH', 'Geneng 23/12 Leses, Manisrenggo, Klaten', 'J010', '0', '1'),
('199502132020122014', 'Mufidah Aulia Azis, S.Kep., Ns.', 'P', 'Sukoharjo', '1995-02-13', 'A', 'ISLAM', 'MENIKAH', 'Canden RT 001 RW 008, Joho, Mojolaban Sukoharjo', 'R008', '', '1'),
('199502142020122019', 'Vera Vero Nika, A.Md.Kep.', 'P', 'Karanganyar', '1995-02-14', 'A', 'ISLAM', 'MENIKAH', 'Krajan RT 2 RW 2 Karangpandan Karanganyar', 'J033', '', '1'),
('199503042020122021', 'Tri Haryani, S.Tr.Keb.', 'P', 'Karanganyar', '1995-03-04', 'A', 'ISLAM', 'MENIKAH', 'Jinarum RT.02/RW.01, Girilayu, Matesih, Karanganya', 'J016', '', '1'),
('199503132020122014', 'Murti Setiati, S.Farm., Apt.', 'P', '-', '2021-01-01', '-', '-', 'MENIKAH', '-', 'J013', '0', '1'),
('199503162020122013', 'Istiqomah Nur Hidayah, A.Md.Kep.', 'P', 'Surakarta', '1995-03-16', 'A', 'ISLAM', 'MENIKAH', 'Krajan RT 05 RW 03 Mojosongo, Jebres, Surakarta', 'J022', '', '1'),
('199503202020122017', 'Rima Mintarsih, A.Md.Kep.', 'P', 'Sukoharjo', '1995-03-20', 'A', 'ISLAM', 'MENIKAH', 'Nampan RT 001/ RW 001 Madegondo, Grogol, Sukoharjo', 'R008', '0', '1'),
('199503222020122017', 'Nur`aini Maghfuroh, S.Tr.Kep', 'P', 'Bantul', '1995-03-22', 'A', 'ISLAM', 'MENIKAH', '-', 'J018', '0', '0'),
('199505272020122014', 'Alvionita Rosa Novitasari, S.Tr.Kep', 'P', 'Sleman', '1995-05-27', 'A', 'ISLAM', 'MENIKAH', '-', 'J018', '0', '0'),
('199506112020122008', 'LIENANDA YUNIARTI, S. ST', 'P', '-', '2021-01-01', 'A', '-', 'MENIKAH', '-', 'J021', '', '1'),
('199509102020121007', 'Mochamad Adriyadi Sageri, A.Md', 'L', '-', '2021-01-01', '-', '-', 'MENIKAH', '-', 'J012', '0', '1'),
('199511232020122011', 'Irma Yuni Prastika, S.Tr.Keb.', 'P', 'Kediri', '1995-11-23', 'A', 'ISLAM', 'MENIKAH', 'Jl. Datuk Dsn Ketangi  RT 003 RW 010 Bringin, Bada', 'J016', '', '1'),
('199601222020122012', 'Rika Arfik Istikomah, A.Md.Kep.', 'P', 'Boyolali', '1996-01-22', 'A', 'ISLAM', 'MENIKAH', 'Kenteng RT 05 RW 01 Kenteng, Nogosari, Boyolali', 'J033', '', '1'),
('199602262020122008', 'Amalia Nur Syafitri, A.Md.Gz', 'P', '-', '2021-01-01', '-', '-', 'MENIKAH', '-', 'Gz01', '0', '1'),
('199604252020122016', 'ERLIANA PUSPITA NINGRUM, A.Md.Kes', 'P', '-', '2021-01-01', '-', '-', 'MENIKAH', '-', 'J021', '0', '1'),
('199605172020122020', 'Nurul Ilmi`ah Lestari, S.Tr.Gz', 'P', '-', '2021-01-01', '-', '-', 'MENIKAH', '-', 'Gz01', '0', '1'),
('199606272020122010', 'Fichayati Arlita, A.Md.Kep.', 'P', 'Wonogiri', '1996-06-27', 'A', 'ISLAM', 'MENIKAH', 'Batu 2/4 Tegiri, Batuwarno, Wongiri', 'J010', '', '1'),
('199606302020122009', 'Rizky Suryaning Utami, A.Md', 'P', 'Kutai', '1996-06-30', 'A', 'ISLAM', 'MENIKAH', 'Karangasem RT 09 RW 04 Kel. Gumpang Kartasura, Suk', 'J016', '', '1'),
('199607012020122014', 'Intan Rahmania Dewi, S.Tr.Keb.', 'P', 'Klaten', '1996-07-01', 'A', 'ISLAM', 'MENIKAH', 'Gedongan Rt 01 / Rw 05, Jabung, Gantiwarno, Klaten', 'J016', '', '1'),
('199607122020122020', 'TRI HASTUTI FATHIMAH, A.Md.', 'P', '-', '2021-01-01', '-', '-', 'MENIKAH', '-', 'J012', '0', '1'),
('199609172020122014', 'Dewi Puji Astuti, A.Md.Kep.', 'P', 'Boyolali', '1996-09-17', 'A', 'ISLAM', 'MENIKAH', 'Ledok 1/1 Cepokosawit, Sawit, Boyolali', 'J023', '', '1'),
('199702192020122015', 'Arifiana Fitri Nur Fadhilah, S.Farm., Apt.', 'P', '-', '2021-10-07', '-', '-', 'MENIKAH', '-', 'J013', '0', '1'),
('199702232020122008', 'Nandyta Febryani, S.Tr.Kes', 'P', '-', '2021-01-01', '-', '-', 'MENIKAH', '-', 'J017', '0', '1'),
('199706172020122013', 'Ayu Ardiyanti, A.Md.Kep.', 'P', 'Karanganyar', '1997-06-17', 'A', 'ISLAM', 'MENIKAH', 'Dungiri RT 03 RW 06, Bolong, Karanganyar', 'J022', '', '1'),
('199708202020121007', 'Wisnu Aji Sudrajat, A.Md.Kes', 'L', '-', '2021-01-01', '-', '-', 'MENIKAH', '-', 'J035', '0', '1'),
('199709062020122015', 'Septiana Wulandari, A. Md.', 'P', '-', '2021-01-01', '-', '-', 'MENIKAH', '-', 'L001', '0', '1'),
('199804282020122006', 'Istiqomah, A.Md.Gz', 'P', '-', '2021-01-01', '-', '-', 'MENIKAH', '-', 'Gz01', '0', '1'),
('199805132020122005', 'Arinda Putri Setyawan, A.Md.Kep.', 'P', 'Cilacap', '1998-05-13', 'A', 'ISLAM', 'MENIKAH', 'Jl. Lingkar Timur No.2/55 RT.003 RW.016 Tegalkamul', 'P007', '', '1'),
('199806192020122007', 'Deila Tiara Sari, A.Md.Kep.', 'P', 'Sukoharjo', '1998-06-19', 'A', 'ISLAM', 'MENIKAH', 'Tawang RT 2 RW 1 Ngombakan, Polokarto, Sukoharjo', 'P007', '0', '1'),
('199808032020122003', 'Agnies Nur Afidah, A.Md. Kes.', 'P', '-', '2021-01-01', '-', '-', 'MENIKAH', '-', 'FIS1', '0', '1'),
('199912112020122002', 'Bunga Salsa Miranti, A.Md. Keb.', 'P', 'Palembang', '1999-12-11', 'A', 'ISLAM', 'MENIKAH', 'Jl. Anggrek Raya No.92 RT.02 / RW.01 Sialang, Sako', 'J016', '', '1'),
('AA001', 'Ayu Ovita Wulan Winanti, A.Md. Farm.', 'P', 'Sukoharjo', '1994-09-29', 'B', 'ISLAM', 'MENIKAH', 'Ngunut 3/10 Sonorejo, Sukoharjo', 'J012', '', '1'),
('AA0010', 'Suci Muslikah Fatmawati, A.Md.Farm.', 'P', 'Sukoharjo', '1997-07-26', 'A', 'ISLAM', 'MENIKAH', 'Larangan 4/4 Gayam, Sukoharjo', 'J012', '', '1'),
('AA0011', 'Shinta Bella Paramitha, A.Md.Farm', 'P', 'Karanganyar', '1997-05-30', 'A', 'ISLAM', 'MENIKAH', 'Dagen 1/11 Dagen, Jaten, Karanganyar', 'J012', '', '1'),
('AA002', 'Iga Ayu Safitri, A.Md., Farm.', 'P', 'Surakarta', '1992-07-05', 'A', 'ISLAM', 'MENIKAH', 'Nirbitan 2/1 Tipes, Serengan, Surakarta', 'J012', '', '1'),
('AA003', 'Ika Wulandari, A.Md. Farm.', 'P', 'Sragen', '1993-06-10', 'A', 'ISLAM', 'MENIKAH', 'Gumantar 9/4 Pelemgadung, Karangmalang, Sragen', 'J012', '', '1'),
('AA004', 'Imas Afifah, A.Md., Farm', 'P', 'Sukoharjo', '1996-01-07', 'A', 'ISLAM', 'MENIKAH', 'Dawung Wetan 2/12 Danukusuman, Serengan', 'J012', '', '1'),
('AA005', 'Linggar Safrida, A.Md. Farm.', 'P', 'Surakarta', '1996-04-20', 'A', 'ISLAM', 'BELUM MENIKAH', 'Semanggi 1/14 Semanggi, Pasar Kliwon', 'J012', '0', '1'),
('AA006', 'Maris Sholekhati, A.Md. Farm.', 'P', 'Klaten', '1996-06-06', 'O', 'ISLAM', 'MENIKAH', 'Ngekel 1/3 Tlogorandu, Juwiring, Klaten', 'J012', '081228291754', '1'),
('AA007', 'Marvita, A.Md. Farm.', 'P', 'Surakarta', '1991-03-18', 'A', 'ISLAM', 'BELUM MENIKAH', 'Jageran 2/5 Ketelan, Banjarsari, Surakarta', 'J012', '0', '1'),
('AA008', 'Nurun Al Najmah, A.Md. Farm.', 'P', 'Kab. Semarang', '1996-07-02', 'A', 'ISLAM', 'MENIKAH', 'Wahyurejo 2/7 Pringapus, Pringapus, Kab. Semarang', 'J012', '0', '1'),
('AA009', 'Shinta Rahmawati, A.Md.Farm', 'P', 'Surakarta', '1992-12-16', 'A', 'ISLAM', 'MENIKAH', 'Gebang 6/25 Kadipiro, Banjarsari, Surakarta', 'J012', '', '1'),
('AA012', 'Dewi Wahyu Wulandari, A.Md.Farm', 'P', 'Surakarta', '1995-06-17', 'A', 'ISLAM', 'MENIKAH', 'Kelipan 1/7 Gagagsipat, Ngemplak, Boyolali', 'J012', '0', '1'),
('AA013', 'Genta Putra Wahyu Perdana, A.Md.Farm', 'L', 'Sukoharjo', '1997-04-17', 'A', 'ISLAM', 'MENIKAH', 'Sanggung 2/2 Gatak, Sukoharjo', 'J012', '0', '1'),
('APT001', 'Nanik Purnami, S. Farm., Apt', 'P', 'Surakarta', '1990-04-10', 'A', 'ISLAM', 'MENIKAH', 'Petoran 2/8 Jebres, Jebres, Surakarta', 'J013', '', '1'),
('APT002', 'Fitria Anggrahini Sri Mardina, S.Farm, Apt.', 'P', 'Surakarta', '1983-07-18', 'O', 'ISLAM', 'MENIKAH', 'Jl. Bungur 8/No.11 4/5 Punggawan, Banjarsari', 'J013', '081548511880', '1'),
('APT003', 'Mila Rahmawati, S. Farm., Apt', 'P', 'Semarang', '1988-10-12', 'A', 'ISLAM', 'MENIKAH', 'Ngoresan 2/18 Jebres, Jebres, Surakarta', 'J013', '', '1'),
('APT004', 'Noviana Wulansari S.Farm.Apt.', 'P', 'Surakarta', '1985-11-24', 'A', 'ISLAM', 'MENIKAH', 'Jl. Sumpah Pemuda No 88 Pundunggede 4/15 Kadipiro', 'J013', '', '1'),
('APT005', 'Kartika Putri Pamungkas, S.Farm. Apt', 'P', 'Boyolali', '1996-04-20', 'A', 'ISLAM', 'MENIKAH', 'Ngancan 1/6 Sobokerto, Ngemplak, Boyolali', 'J013', '', '1'),
('APT006', 'DWI NUGRAHENI, S.Farm Apt', 'P', 'SURAKARTA', '1985-07-13', 'A', 'ISLAM', 'MENIKAH', 'TODIPAN 001 / 006 PURWOSARI LAWEYAN SURAKARTA', 'J013', '', '1'),
('BD001', 'Novela Cahyaning Saputri, Amd.Keb', 'P', 'Boyolali', '1992-05-20', 'A', 'ISLAM', 'MENIKAH', 'Sukorejo Rt 06 RW 30, Kadipiro, Banjarsari', 'J016', '', '1'),
('BD002', 'Silvia Putri Dharmastuti, Amd. Keb', 'P', 'Surakafrta', '1991-10-31', 'A', 'ISLAM', 'MENIKAH', 'Mangkuyudan Rt 01 Rw 02, Purwosari, Laweyan', 'J016', '', '1'),
('BD003', 'Sarwo Endah Setyawati, Amd. Keb', 'P', 'Surakarta', '1991-12-10', 'A', 'ISLAM', 'MENIKAH', 'Jl. Masela No 17 Rt 02 Rw 02, Kepatihan', 'J016', '', '1'),
('BD004', 'Rahmasari Adiwati, A.Md.Keb', 'P', 'Surakarta', '1991-12-14', 'A', 'ISLAM', 'MENIKAH', 'Jl. Kapten Mulyadi 247 4/4 Joyosuran, Pasar Kliwon', 'J016', '', '1'),
('BD005', 'Endang Wijayanti Pamungkas, A.Md.Keb', 'P', 'Jakarta', '1991-09-18', 'A', 'ISLAM', 'MENIKAH', 'Rejosari 2/14 Gilingan, Banjarsari, Surakarta', 'J016', '', '1'),
('BD006', 'Risqi Inayah, A.Md.Keb', 'P', 'Surakarta', '1996-08-17', 'A', 'ISLAM', 'MENIKAH', 'Jogosuran 1/7 Danukusuman, Serengan, Surakarta', 'J016', '', '1'),
('BD007', 'Resdia Pidotama, A.Md.Keb', 'P', 'Surakarta', '1996-04-25', 'A', 'ISLAM', 'MENIKAH', 'Kutai Timur 5B No.9/13 RT 5 RW 8 Sumber Banjarsari', 'J016', '', '1'),
('BD008', 'Belqis Seretora Irucha, A.Md.Keb', 'P', 'Karanganyar', '1995-11-25', 'A', 'ISLAM', 'MENIKAH', 'Sambirejo 5/9 Banjarsari, Banjarsari, Surakarta', 'J016', '', '1'),
('BD009', 'Astari Afriaty Munggaran,  S.Tr.Keb', '', 'Sukoharjo', '1998-04-09', '', 'Islam', '', 'Mangkuyudan RT 02 RW 03 Ngabeyan Kartasura', 'J016', '0', '1'),
('BD010', 'Desilia Ruslani, A.Md.Keb', '', 'Surakarta', '1992-12-24', '-', 'Islam', '', 'Perum Josroyo Indah Jl.Raharja Indah I C26 04/15', 'J016', '0', '1'),
('BD011', 'Lilis Setyowati', '', 'Sragen', '1979-05-03', '-', 'Islam', 'MENIKAH', 'Candirejo 02/01 Jurangjero Karangmalang', 'J016', '0', '1'),
('DSN0001', 'dr. GALUH CANDRASARI, Sp. N', 'P', 'SURAKARTA', '1988-03-24', 'A', 'ISLAM', 'MENIKAH', 'JL. JAYANINGSIH NO.14 BENOWO, 06/08 NGRINGO JATEN', 'J006', '', '1'),
('JNZ0001', 'Christina Sri Hartini', '', 'Klaten', '1974-02-14', '-', 'Kristen', 'MENIKAH', 'Cengklik 03/20 Nusukan Banjarsari Kota Surakarta', 'J006', '085729704990', '1'),
('JNZ0002', 'Dodi Prabowo', '', 'Surakarta', '1988-01-12', 'A', 'Islam', 'MENIKAH', 'Semanggi 03/21 Semanggi Pasar Kliwon Surakarta', 'J006', '085657219000', '1'),
('MN01', 'Aditia Fatmawati, S.Kep., Ns.', 'P', 'Karanganyar', '1988-09-17', '-', 'ISLAM', 'MENIKAH', 'Kerten 4/2 Kerten, Laweyan, Surakarta', 'J029', '', '1'),
('MN26', 'Dewi Ambarwati Ningsih, A.Md', 'P', 'Klaten', '1981-11-20', 'A', 'ISLAM', 'BELUM MENIKAH', 'Srago 2/9 Pasung, Wedi, Klaten', 'J028', '0', '1'),
('MN40', 'Fisna Ervantika Gunaviani, S.Kep., Ners', 'P', 'Boyolali', '1993-05-01', 'A', 'KRISTEN', 'BELUM MENIKAH', 'Kupo 1/6 Gladagsari, Ampel, Boyolali', 'J024', '0', '1'),
('MN41', 'Frischa Prima Yulnia, S.Kep., Ns.', 'P', 'Ujung Pandang Maros', '1990-07-18', 'A', 'ISLAM', 'MENIKAH', 'Tanggulsari 1/9 Bajarsari, Bajarsari, Surakarta', 'J029', '0', '1'),
('MN62', 'Moureint Astridita Kessari, A.Md', 'P', 'Surakarta', '1995-07-20', 'A', 'KRISTEN', 'BELUM MENIKAH', 'Purwosari 4/5 Purwosari, Laweyan, Surakarta', 'J025', '0', '1'),
('MN82', 'Thomas Wijayanto, S.E.', 'L', 'Surakarta', '1996-09-05', 'A', 'ISLAM', 'BELUM MENIKAH', 'Semanggi 4/7 Semanggi, Pasar Kliwon, Surakarta', 'J026', '0', '1'),
('MN92', 'Risa Hindartin, A.Md', 'P', 'Surakarta', '1982-02-23', '-', 'ISLAM', 'MENIKAH', 'Cinderejo Lor 3/6 Gilingan, Banjarsari, Surakarta', 'J015', '', '1'),
('NUT003', 'Anisah, A.Md.Gz', 'P', 'Bantul', '1988-01-23', 'A', 'ISLAM', 'MENIKAH', 'Tegal 1/2 Jaten, Jaten, Karanganyar', 'Gz01', '', '1'),
('NUT004', 'Hudzaifah, S.Gz', 'L', 'Surakarta', '1991-08-19', 'A', 'ISLAM', 'BELUM MENIKAH', 'Gg. Jambu II 2/5 Jajar, Laweyan', 'Gz01', '0', '1'),
('NUT005', 'Trisia Pustika Diar, A.Md.Gz', 'P', 'Surakarta', '1994-09-03', 'A', 'KRISTEN', 'BELUM MENIKAH', 'Jl. Lampo Batang III No 21 1/23 Mojosongo, Jebres', 'Gz01', '0', '1'),
('P00052', 'RATIH HASTUTI, AMK', 'P', 'KARANGANYAR', '1988-01-15', 'A', 'ISLAM', 'MENIKAH', 'ASMIL 715 KOMPI A MOTULIATO TOLONGIO ANGGREK', 'J023', '0', '1'),
('P009009', 'Ganesha Pramudia, AMK', 'L', 'Surakarta', '1988-06-24', 'A', 'ISLAM', 'MENIKAH', 'Mloyokusuman No 42 2/12 Baluwarti, Pasar Kliwon', 'R008', '', '1'),
('P05', 'Agustina Setiarti, Amd. Kep', 'P', 'Kebumen', '1991-08-03', 'B', 'KRISTEN', 'MENIKAH', 'Sokomulyo Rt 03 Rw 06 Kadipiro, Banjarsari', 'R008', '085726924586', '1'),
('P06', 'Aktifa Raka Siwi, A.Md. Kep', 'P', 'Surakarta', '1996-10-29', 'A', 'ISLAM', 'MENIKAH', 'Belukan Rt 01 RW 04, Pajang, Laweyan', 'P007', '', '1'),
('P08', 'Amita Isnaini, Amd. Kep', 'P', 'Surakarta', '1995-11-03', 'A', 'ISLAM', 'MENIKAH', 'Gendingan Rt 02 RW 14, Jebres', 'R008', '', '1'),
('P101', 'Siti Sabani, A.Md. Kep', 'P', 'Magelang', '1993-02-05', 'A', 'ISLAM', 'MENIKAH', 'Tebgal Mulyo Rt 05 RW 04, Nusukan, Banjarsaei', 'J022', '', '1'),
('P103', 'Sri Handayani, A.md.Kep', 'P', 'Sukoharjo', '1989-11-30', 'O', 'ISLAM', 'MENIKAH', 'Banglor Rt 01 RW 8, Mancasan, Baki', 'J009', '085642428566', '1'),
('P105', 'Tri Yuliani, Amk', 'P', 'Surakarta', '1987-07-01', 'A', 'ISLAM', 'MENIKAH', 'Mojosongo Rt 04 Rw 09, Jebres', 'P007', '', '1'),
('P11 ', 'Ardi Setya Mahardika, A.Md. Kep', 'L', 'Surakarta', '1992-10-13', 'A', 'ISLAM', 'MENIKAH', 'Sumber Rt 03 RW 06, Sumber, Banjarsari', 'P007', '', '1'),
('P115', 'Yulinda Anggraeni, A.Md. Kep', 'P', 'Magelang', '1996-07-19', 'A', 'ISLAM', 'BELUM MENIKAH', 'Cinderejo Rt 07 RW 05, Gilingan, Banjarsari', 'R008', '0', '1'),
('P117', 'Yunita Sari', 'P', 'Surakarta', '1994-06-27', 'A', 'ISLAM', 'MENIKAH', 'Pucang Sawit RT 03 RW 13, Jebres', 'P007', '', '1'),
('P124', 'Seline Biananda Kusuma Dewi, Amd. Kep', 'P', 'Biak', '1996-03-25', 'A', 'ISLAM', 'MENIKAH', 'Ngasinan Rt 02 Rw 13, Jebres', 'P007', '', '1'),
('P125', 'Rezky Putro Utomo AMK', 'L', 'Surakarta', '1996-03-16', 'A', 'ISLAM', 'MENIKAH', 'Pucangsawit Rt 03 Rw 15, Jebres, Surakarta', 'R008', '', '1'),
('P126', 'Sri Wahyuni', 'P', 'Boyolali', '1987-08-01', 'O', 'Islam', 'MENIKAH', 'Kiyaran RT 01 RW 01 Gombang Sawit Boyolali', 'P007', '0', '1'),
('P127', 'Aditya Agung Nugroho, Amd. Kep', 'L', 'Karanganyar', '1994-07-29', 'A', 'ISLAM', 'MENIKAH', 'Jetis Rt 06 RW 03, Suruh, Tasikmadu', 'J009', '', '1'),
('P128', 'Dinu Wijayanto, Amd. Kep', 'L', 'Boyolali', '1993-10-19', 'A', 'ISLAM', 'MENIKAH', 'Gunung Bebek Rt 04 RW 02, Tempursari, Sambi', 'P007', '', '1'),
('P129', 'Eko Ardiyanto, Amd. Kep', 'L', 'Karang Indah', '1991-02-01', 'B', 'ISLAM', 'MENIKAH', 'Ceplukan Rt 03 RW 16 Wonorejo, Gondangrejo', 'P007', '', '1'),
('P13', 'Ari Setyaningsih, Amd. Kep', 'P', 'Klaten', '1985-04-02', 'A', 'ISLAM', 'MENIKAH', 'Tempolan Rt 02 RW 04, Trusemi, Gatak', 'J022', '', '1'),
('P130', 'Hermawan Adhana, Amd. Kep', 'L', 'Sukoharjo', '1992-06-11', 'A', 'ISLAM', 'MENIKAH', 'Bulu Rt 03 Rw 08, Bakalan, Polokarto', 'J009', '', '1'),
('P131', 'Winarso', 'L', 'Boyolali', '1984-04-06', 'A', 'ISLAM', 'MENIKAH', 'Pelem Rt 18 Rw 05, Pelem, Simo', 'R008', '081329604475', '1'),
('P132', 'Uffi Nahari Yatul Fitrah', '', 'Sukoharjo', '1998-06-24', '', 'Islam', '', 'Dukuh Tanjungsari RT 01 RW 05 Tangkisan Tawangsari', 'J019', '', '1'),
('P133', 'Dhendy Wicaksono Irsyad', '', 'Ngawi', '1995-12-20', '', 'Open this se', '', 'Dukuh Bayem  RT 03 RW 02 Tulakan Sine Ngawi', 'J019', '', '1'),
('P134', 'Widya Nur Anggraini', 'P', 'Surakarta', '1991-08-08', 'A', 'ISLAM', 'MENIKAH', 'Bibis Baru RT 04 RW 23, Nusukan, Banjarsari', 'J022', '', '1'),
('P135', 'Wahyuni Setyorini', '', 'Boyolali', '1985-07-05', '-', 'Islam', '', 'Tegalsono RT 01 RW 03 Kemasan, Sawit, Boyolali', 'J011', '0', '1'),
('P136', 'Akgnes Diyah Sistya, A.Md.Kep.', '', 'Sragen', '1995-01-20', '-', 'Islam', 'BELUM MENIKAH', 'Joyotakan 01/03 Serengan Surakarta', 'J019', '0', '1'),
('P137', 'Wilantika Ida Wardani', '', 'Klaten', '1997-07-10', '-', 'Islam', 'BELUM MENIKAH', 'Satriyan RT 17 RW 05 Bulurejo Juwiring Klaten', 'J009', '0', '1'),
('P138', 'Isma Eka Pratiwi', '', 'Klaten', '1997-01-16', '-', 'Islam', 'BELUM MENIKAH', 'Dukuh Satriyan RT 17 RW 5 Bulurejo Juwiring Klaten', 'J009', '0', '1'),
('P139', 'Faizal Fathurrokhim', '', 'Surakarta', '1997-11-09', '-', 'Islam', 'BELUM MENIKAH', 'Jl. Pleret Utama 1 03/12 Banyuanyar Banjarsari', 'J009', '0', '1'),
('P16', 'Atria Dila Yoga Putri, A.Md. Kep', 'P', 'Sukoharjo', '1997-03-22', 'A', 'ISLAM', 'BELUM MENIKAH', 'Lemah Abang Rt 06 Rw 21, Kadipiro, Banjarsari', 'R008', '0', '1'),
('P20', 'Bahariyadi Setiyawan, A.Md. Kep', 'L', 'Ternate', '1994-03-15', 'A', 'ISLAM', 'MENIKAH', 'Pendem Rt 01 Rw 08, Wonosari, Trucuk', 'J009', '', '1'),
('P202101', 'Agus Handoko, AMK', 'L', 'Ngawi', '1982-02-13', 'A', 'ISLAM', 'MENIKAH', 'Wiroragen Gang Anggur 3/7 Ngadirejo, Kartasura, Su', 'J010', '', '1'),
('P202102', 'Tri Agung Febriyanto, AMK', 'L', 'Boyolali', '1988-02-13', 'A', 'ISLAM', 'MENIKAH', 'Pulerejo 8/3 Jurug, Mojosongo, Boyolali', 'P007', '', '1'),
('P21', 'Bella Puspitasari, Amd. Kep', 'P', 'Surakarta', '1995-11-13', 'A', 'ISLAM', 'MENIKAH', 'Jl. Brigjend Katamso No 167 Rt 01 RW 32, Mojosongo', 'J009', '', '1'),
('P22', 'Betty Hajjati Rahman, Amd. Kep', 'P', 'Surakarta', '1987-08-23', 'B', 'ISLAM', 'MENIKAH', 'Mlandang Rt 03 Rw 07, Kedung Jeruk, Mojo gedang', 'J022', '081215008079', '1'),
('P28', 'Christiana Sari, AMk', 'P', 'Jakarta', '1990-05-02', 'O', 'ISLAM', 'MENIKAH', 'Pundung Lor Rt 01 Rw 02, Ngrombo, Baki', 'J023', '081225373880', '1'),
('P3', 'Agus Sofyan Iskandar, A.mk', 'L', 'Karanganyar', '1983-04-10', 'A', 'ISLAM', 'MENIKAH', 'Pengin Lor Rt 02 RW 09, Macanan, Kebakkramat', 'J010', '0', '1'),
('P30', 'Devianti Kristianingrum Wibowo', 'P', 'Surakarta', '1994-12-29', 'A', 'ISLAM', 'MENIKAH', 'Sidodadi Rt 02 RW 01, Pajang, Laweyan', 'R008', '', '1'),
('P32', 'Dewi Nurhayati, AMK', 'P', 'Karanganyar', '1984-08-13', 'A', 'ISLAM', 'MENIKAH', 'Jl. Dr. P. Lumban Tobing No. 27, Setabelan', 'J022', '', '1'),
('P33', 'Dino Adit Saputra, A.Md.Kep', 'L', 'Surakarta', '1995-06-05', 'A', 'ISLAM', 'MENIKAH', 'Ngenden 8/7 Banaran, Grogol, Sukoharjo', 'J010', '0', '1'),
('P34', 'Diyah Ayu Kusumasari, A.Md.Kep', 'P', 'Surakarta', '1996-07-09', 'A', 'ISLAM', 'MENIKAH', 'Bibis Luhur R 01 Rw 21, Nusukan, Banjarsari', 'J009', '', '1'),
('P35', 'Dwi Sari Setyani, Amd.Kep', 'P', 'Surakarta', '1988-10-01', 'O', 'ISLAM', 'MENIKAH', 'Kusumodilagan Rt 03 Rw 10, Joyosuran, Pasarkliwon', 'J023', '085642462460', '1'),
('P36', 'Ellen Ratna Pratiwi, A.Md, Kep', 'P', 'Surakarta', '1996-04-26', 'A', 'ISLAM', 'MENIKAH', 'Jl. Nusa Indah No 42, Yosoroto Rt 01/09, Purwosari', 'P007', '', '1'),
('P37', 'Ellyastika Dinova, Amd. Kep', 'P', 'Sukoharjo', '1994-05-24', 'A', 'ISLAM', 'MENIKAH', 'Grogolan RT 03 RW 01, Ketelan, Banjarsari', 'J022', '', '1'),
('P38', 'Ervina Dian Kusumastuti, A.Md. Kep', 'P', 'Surakarta', '1996-09-25', 'A', 'ISLAM', 'MENIKAH', 'Jl. pelangi Utara Rt 06 RW 28, Mojosongo, Jebres', 'J022', '', '1'),
('P39', 'Erviyana Kusuma Dewi, A.Md. Kep', 'P', 'Karanganyar', '1994-09-04', 'A', 'ISLAM', 'MENIKAH', 'Duwet Rt 01 Rw 10, ngasem, Colomasu', 'J033', '', '1'),
('P40', 'Ester Nirma Arini, Amd. Kep', 'P', 'Sragen', '1989-01-25', 'A', 'ISLAM', 'MENIKAH', 'Griya Purwosuman ASri b1 Rt 03 Rw 08, Purwosuman', 'P007', '', '1'),
('P41', 'Fachtur To`in Fadilah, Amd. Kep', 'L', 'Boyolali', '1993-08-22', 'A', 'ISLAM', 'MENIKAH', 'Ringin Sari Rt 04 RW 08, Penggung, Boyolali', 'J011', '', '1'),
('P42', 'Fajar Shodiq, Amd. Kep', 'L', 'Surakarta', '1992-02-17', 'A', 'ISLAM', 'MENIKAH', 'Gajahan Rt 04 Rw 01, Pasarkliwon', 'P007', '', '1'),
('P44', 'Fatonah, A.Md. Kep', 'P', 'Sukoharjo', '1989-10-30', 'A', 'ISLAM', 'MENIKAH', 'Blimbing Rt 1 Rw 05, Wonorejo, Polokarto', 'R008', '', '1'),
('P49', 'Heri Rustamaji, A.MK', 'L', 'Magetan', '1983-12-16', 'A', 'ISLAM', 'MENIKAH', 'Jl. Muh Yamin No 156, Laweyan', 'J010', '0', '1'),
('P57', 'Imas Dhewi Widhiana, Amd. Kep', 'P', 'Sragen', '1990-06-18', 'A', 'ISLAM', 'MENIKAH', 'Walang Rt 02 Rw 02, Bendosari', 'J009', '', '1'),
('P61', 'Kartika Putri Pertiwi, A. Md. Kep', 'P', 'Surakarta', '1997-05-12', 'A', 'ISLAM', 'MENIKAH', 'Jagran Rt 01 RW 05, Ketelan, Banjarsari', 'J022', '', '1'),
('P68', 'Martiana Fadila Sari, AMd. Kep', 'P', 'Surakarta', '1997-03-17', 'A', 'ISLAM', 'MENIKAH', 'Tegal mulyo Rt 03 Rw 04, Mojosongo, Jebres', 'P007', '', '1'),
('P70', 'Mega Suryaningsih, Amd. Kep', 'P', 'Boyolali', '1994-06-05', 'A', 'ISLAM', 'MENIKAH', 'Jangkungan Rt 06 Rw 02, Glonggong, Nogosari', 'J022', '0', '1'),
('P78', 'Nindya Putri Damayanti, A.Md.Kep', 'P', 'Karanganyar', '1995-02-18', 'A', 'ISLAM', 'MENIKAH', 'Pucangsawit 1/9 Pucangsawit, Jebres, Surakarta', 'J023', '', '1'),
('P82', 'Nur Rahmawati, Amd. Kep', 'P', 'Surakarta', '1991-09-24', 'A', 'ISLAM', 'MENIKAH', 'Panularan Rt 04 Rw 05, Panularan, Laweyan', 'J010', '0', '1'),
('P85', 'Oktiya Mekarsari, A.Md. Kep', 'P', 'Surakarta', '1996-10-10', 'A', 'ISLAM', 'MENIKAH', 'Tawangsari Rt 04 RW 34, mojosongo, Jebres', 'R008', '0', '1'),
('P86', 'Pipit Wahyu Agustin, Amd. Kep', 'P', 'Surakarta', '1991-08-18', 'A', 'ISLAM', 'MENIKAH', 'Jl. Basuki Rahmat No 78, Jajar Rt 01/02, Laweyan', 'P007', '', '1'),
('P87', 'Ramadhani Fatkhul jannah A.Md.Kep', 'P', 'jakarta', '1994-03-07', 'A', 'ISLAM', 'MENIKAH', 'Jl. sunan kalijogo 8 penumping  003/004 laweyan', 'J011', '', '1'),
('P89', 'Rindy Ayu Budiarti', 'P', 'Surakarta', '1994-08-26', 'A', 'ISLAM', 'MENIKAH', 'Tawangsari Rt 03 RW 34, Mojosongo, Jebres', 'J022', '083865796430', '1'),
('P93', 'Saras Erviana, A.Md.Kep gigi', 'P', 'Surakarta', '1995-05-30', 'A', 'ISLAM', 'MENIKAH', 'Sidodadi Rt 03 RW 01, Pajang, Laweyan', 'J017', '', '1'),
('P99', 'Siska Mustika Ayuningsih, Amd. Kep', 'P', 'Surakarta', '1997-05-25', 'A', 'ISLAM', 'MENIKAH', 'Padokan Rt 2 Rw 05, Sawahan, Ngemplak', 'J010', '0', '1'),
('PL001', 'Agustina Dwi Suryawati', 'P', 'Surakarta', '1995-08-30', 'A', 'ISLAM', 'MENIKAH', 'Sambirejo 5/1 Banjarsari, Banjarsari, Surakarta', 'J020', '', '1'),
('PL002', 'Alifta Asyari Rudiyanto', 'P', 'Surakarta', '2000-11-12', 'A', 'ISLAM', 'MENIKAH', 'Cinderejo Lor 1/4 Gilingan, Banjarsari, Surakarta', 'J020', '', '1'),
('PLK001', 'Asri Sutaminingtyas, A.Md', 'P', 'Surakarta', '1987-10-30', 'B', 'KRISTEN', 'MENIKAH', 'Jl. Jayawijaya I No.04 4/15 Mojosongo, Jebres', 'L001', '087786694519', '1'),
('PLK002', 'Fantri Ernawati, A.Md', 'P', 'Surakarta', '1987-06-04', 'B', 'ISLAM', 'MENIKAH', 'Semanggi 4/4 Semanggi, Pasar Kliwon', 'L001', '083892557951', '1'),
('PLK003', 'Maria Klara Dinda, A.Md', 'P', 'Surakarta', '1997-05-18', 'A', 'KRISTEN', 'BELUM MENIKAH', 'Sorogenen 5/5 Jagalan, Jebres', 'L001', '0', '1'),
('PLK004', 'Mila Dwi Apriliani, A.Md', 'P', 'Surakarta', '1995-04-06', 'A', 'ISLAM', 'MENIKAH', 'Debegan 5/2 Mojosongo, Jebres, Surakarta', 'L001', '0', '1'),
('PLK005', 'Nia Ery Ch, A.Md', 'P', 'Surakarta', '1978-08-18', 'AB', 'KRISTEN', 'MENIKAH', 'Petoran 2/7 Jebres, Jebres, Surakarta', 'L001', '085781682490', '1'),
('PLK006', 'Mia Khusnul Khotimah', 'P', 'Sukoharjo', '1999-05-28', 'B', 'ISLAM', 'BELUM MENIKAH', 'Dukuh RT 01 RW 09 Sapen Mojolaban Sukoharjo', 'L001', '0895377005373', '1'),
('PLK007', 'Tri Budiarti', '', 'Sukoharjo', '1998-04-05', 'O', 'Islam', 'BELUM MENIKAH', 'Ngruki RT 02 RW 16 Cemani Grogol Sukoharjo', 'L001', '0895421380466', '1'),
('PLK008', 'Joko Suprihatin, A.Md', '', 'Boyolali', '1979-01-01', '', 'Open this se', '', 'Pomah 01/01 Mojosongo Boyolali', 'L001', '0', '1'),
('PLK009', 'Ndika Anggita Putri', '', 'Sukoharjo', '1999-01-08', '', 'Open this se', '', 'Dagen 03/09 Mranggen Polokarto Sukoharjo', 'L001', '083842735195', '1'),
('POAK001', 'Diyah Arum Kartikaningtyas, A.Md.Farm', 'P', 'Sukoharjo', '1995-06-05', 'A', 'ISLAM', 'BELUM MENIKAH', 'Kaliniti 2/4 Siwal, Baki, Sukoharjo', 'GF01', '0', '1'),
('PRM001', 'Cahyani Anggita Sari, A.Md.RMIK', 'P', 'Surakarta', '1995-07-15', 'A', 'ISLAM', 'MENIKAH', 'Gabudan 3/8 Joyosuran, Pasar Kliwon', 'J021', '', '1'),
('RD001', 'Arga Pandhu Saputro, A.Md', 'L', 'Sleman', '1994-05-30', 'A', 'ISLAM', 'MENIKAH', 'Gaten 2/5 Sumberrejo, Tempel, Sleman', 'J004', '', '1'),
('RD002', 'Bilal Jati Kusuma, A.Md', 'L', 'Kudus', '1991-04-08', 'A', 'ISLAM', 'MENIKAH', 'Jatikulon 4/4 Jati Kulon, Jati, Kudus', 'J004', '', '1'),
('RD003', 'Harinda Wijayanti, A.Md', 'P', 'Sleman', '1987-06-28', 'A', 'ISLAM', 'MENIKAH', 'Joho 1/4 Joho, Mojolaban, Sukoharjo', 'J004', '', '1'),
('RD004', 'Widi Adi Kurniawan, A.Md.Kes', 'L', 'Klaten', '1994-05-22', 'A', 'ISLAM', 'MENIKAH', 'Lumbungkerep 3/3 Lumbungkerep, Wonosari, Klaten', 'J004', '', '1'),
('RM001', 'Budi Utami, A.Md,RMIK', 'P', 'Takalar', '1991-05-20', 'A', 'ISLAM', 'MENIKAH', 'Kadipiro 9/3 Kadipiro, Banjarsari, Surakarta', 'J021', '', '1'),
('RM002', 'Channy Andini Santoso, A.Md.Kes', 'P', 'Surakarta', '1996-10-26', 'A', 'ISLAM', 'MENIKAH', 'Danukusuman 2/7 Danukusuman. Serengan', 'J021', '', '1'),
('RM003', 'Febriana Putri Kartikasari, A.Md.Kes', 'P', 'Boyolali', '1997-02-21', 'A', 'ISLAM', 'MENIKAH', 'Asmil Korem 074 6/14 Kerten, Laweyan', 'J021', '', '1'),
('RM004', 'Imarta Dwiyani, A.Md.RMIK', 'P', 'Grobogan', '1992-12-04', 'A', 'ISLAM', 'MENIKAH', 'Jl. Yosodipuro 164 1/5 Mangkubumen, Banjarsari', 'J021', '', '1'),
('RM005', 'Muhammad Aji Cakra Diputra, A.Md.RMIK', 'L', 'Boyolali', '1994-09-22', 'A', 'ISLAM', 'BELUM MENIKAH', 'Sangkrah 7/10 Sangkrah, Pasar Kliwon, Surakarta', 'J021', '0', '1'),
('RM006', 'Rizky Safitri, A.Md.Kes', 'P', 'Surakarta', '1996-08-03', 'A', 'ISLAM', 'MENIKAH', 'Jl. Kahayan No.16 Joyotakan 7/6 Serengan', 'J021', '', '1'),
('RM007', 'Zaini Ismaun, A.Md.PK', 'P', 'Surakarta', '1988-07-22', 'A', 'ISLAM', 'MENIKAH', 'Sabrabglor 1/8 Mojosongo, Jebres, Surakarta', 'J021', '', '1'),
('RM008', 'Yana Ramona Putra, A.Md.RMIK', 'L', 'Boyolali', '1994-11-27', 'A', 'ISLAM', 'MENIKAH', 'Gendingan 1/14 Jebres, Jebres, Surakarta', 'J021', '', '1'),
('U132', 'Evi Purnaningsih', 'P', 'Cilacap', '1986-11-08', 'A', 'ISLAM', 'MENIKAH', 'Banyuanyar Rt 03 Rw 11, Banjarsari', 'J015', '081804052144', '1'),
('U133', 'Fitria Romadoni, S.Si', 'P', 'Surakarta', '1983-07-11', 'A', 'ISLAM', 'MENIKAH', 'Semanggi Rt 02 Rw 09, Semanggi, Pasarkliwon', 'J015', '081393861599', '1'),
('U134', 'Ajeng Sista A,S.Psi', 'P', '-', '2021-01-20', 'A', 'KRISTEN', 'BELUM MENIKAH', '-', 'RSP', '0', '1'),
('U135', 'Bayu Aji Saputro', 'L', 'Surakarta', '1997-04-24', 'A', 'ISLAM', 'MENIKAH', 'Pucang Sawit Rt 03 Rw 10, Jebres', 'J036', '0', '1'),
('U161', 'Athaya Salsabila', 'P', 'Surakarta', '1997-12-13', 'A', 'ISLAM', 'BELUM MENIKAH', 'Jalan Basuki Rahmat 24 Kerten Laweyan', 'J015', '0', '1'),
('U162', 'Muhamad Affan Fery Utomo', 'L', 'Klaten', '1998-02-11', 'A', 'ISLAM', 'MENIKAH', 'Jl. Klengkeng Mangkubumen RT02 RW01 Ngadirejo', 'J015', '081237501901', '1'),
('U163', 'Novia Desta Sukmawati, A.Md.Ak', 'P', 'Surakarta', '1998-11-10', '-', 'ISLAM', 'BELUM MENIKAH', 'Bibis Kulon RT 05 RW 17 Gilingan Banjarsari Surakarta 57134', 'J015', '0', '1'),
('U164', 'Asih Fajarwati', 'P', 'Surakarta', '1997-10-28', '-', 'ISLAM', 'BELUM MENIKAH', 'Sabrang Lor RT 6 RW 8 Mojosongo Jawa Tengah Surakarta', 'J015', '0', '1');

-- --------------------------------------------------------

--
-- Table structure for table `survey`
--

CREATE TABLE `survey` (
  `id_survey` int(11) NOT NULL,
  `kode_survey` varchar(20) NOT NULL,
  `tanggal` date NOT NULL DEFAULT current_timestamp(),
  `kd_prd` int(2) NOT NULL,
  `kd_dpt` int(2) NOT NULL,
  `petugas` varchar(20) CHARACTER SET latin1 NOT NULL,
  `nama_disurvey` varchar(200) NOT NULL,
  `keterangan` text DEFAULT NULL,
  `rekomendasi` text DEFAULT NULL,
  `created_at` timestamp NOT NULL DEFAULT current_timestamp(),
  `updated_at` timestamp NOT NULL DEFAULT current_timestamp() ON UPDATE current_timestamp()
) ENGINE=InnoDB DEFAULT CHARSET=utf8mb4;

--
-- Dumping data for table `survey`
--

INSERT INTO `survey` (`id_survey`, `kode_survey`, `tanggal`, `kd_prd`, `kd_dpt`, `petugas`, `nama_disurvey`, `keterangan`, `rekomendasi`, `created_at`, `updated_at`) VALUES
(5, 'KS2022/11/19/0001', '2022-11-20', 1, 3, '-', 'sdsds', 'sdsad', 'dsds', '2022-11-20 09:34:00', '2022-11-21 18:20:29');

-- --------------------------------------------------------

--
-- Table structure for table `unit`
--

CREATE TABLE `unit` (
  `id_unit` int(11) NOT NULL,
  `kd_unit` varchar(255) NOT NULL,
  `nama_unit` varchar(255) NOT NULL,
  `status_unit` enum('0','1') NOT NULL DEFAULT '1'
) ENGINE=InnoDB DEFAULT CHARSET=latin1;

--
-- Dumping data for table `unit`
--

INSERT INTO `unit` (`id_unit`, `kd_unit`, `nama_unit`, `status_unit`) VALUES
(2, 'PVK', 'Perawat VK', '1'),
(3, 'PPOL', 'Perawat Poliklinik', '1'),
(4, 'PICU', 'Perawat Picu/NICU', '1'),
(5, 'PERIN', 'Perawat Perinatologi', '1'),
(6, 'PHD', 'Perawat HD', '1'),
(7, 'PLTF', 'Perawat Latief', '1'),
(8, 'PSHD', 'Perawat SUHUD', '1'),
(10, 'POK', 'Perawat OK', '1'),
(11, 'PICU', 'Perawat ICU', '1'),
(12, 'PTM', 'Perawat Trimurti', '1'),
(13, 'K3RS1', 'K3RS', '1'),
(14, 'TBD', 'TB DOT-HIV', '1'),
(15, 'FRM', 'Farmasi', '1'),
(16, 'FIS', 'Fisioterapi', '1'),
(17, 'LAB', 'Laboratorium', '1'),
(18, 'RAD', 'Radiologi', '1'),
(19, 'AGZ', 'Ahli Gizi', '1'),
(20, 'IPRS1', 'IPRS', '1'),
(21, 'KSL', 'Kesling', '1'),
(22, 'KJZ', 'Kamar Jenazah', '1'),
(23, 'CSSD1', 'CSSD', '1'),
(24, 'LDR', 'Laundry', '1'),
(25, 'HKS', 'House Keeping', '1'),
(26, 'SCR', 'Security', '1'),
(27, 'PGM', 'Pengemudi', '1'),
(28, 'RMP', 'RM-Pendaftaran', '1'),
(29, 'KTR', 'Kantor', '1');

-- --------------------------------------------------------

--
-- Table structure for table `user`
--

CREATE TABLE `user` (
  `iduser` int(11) NOT NULL,
  `user_name` varchar(255) NOT NULL,
  `pass_word` text NOT NULL,
  `status_user` varchar(32) NOT NULL
) ENGINE=InnoDB DEFAULT CHARSET=utf8mb4;

--
-- Dumping data for table `user`
--

INSERT INTO `user` (`iduser`, `user_name`, `pass_word`, `status_user`) VALUES
(1, 'admin', '8cb2237d0679ca88db6464eac60da96345513964', 'Administrator');

--
-- Indexes for dumped tables
--

--
-- Indexes for table `auditor`
--
ALTER TABLE `auditor`
  ADD PRIMARY KEY (`id_auditor`);

--
-- Indexes for table `departement_survey`
--
ALTER TABLE `departement_survey`
  ADD PRIMARY KEY (`kd_dpt`);

--
-- Indexes for table `dokumen`
--
ALTER TABLE `dokumen`
  ADD PRIMARY KEY (`no_dok`),
  ADD KEY `cstr_dok_dpt_kd` (`kd_dpt`),
  ADD KEY `cstr_dok_ptgs_kd` (`petugas`),
  ADD KEY `cstr_dok_form_no` (`id_kegiatan`);

--
-- Indexes for table `dokumen_jawaban`
--
ALTER TABLE `dokumen_jawaban`
  ADD PRIMARY KEY (`id_jawaban`),
  ADD KEY `cstr_jawa_dok_no` (`no_dok`),
  ADD KEY `cstr_jawa_nil_id` (`id_nilai`),
  ADD KEY `cstr_jawa_kuis_id` (`id_kuisioner`),
  ADD KEY `cstr_jawa_ind_id` (`id_indikator`);

--
-- Indexes for table `formulir`
--
ALTER TABLE `formulir`
  ADD PRIMARY KEY (`no_form`);

--
-- Indexes for table `indikator_kuisioner`
--
ALTER TABLE `indikator_kuisioner`
  ADD PRIMARY KEY (`id_indikator`),
  ADD KEY `cstr_ind_form_no` (`no_form`);

--
-- Indexes for table `jawaban`
--
ALTER TABLE `jawaban`
  ADD PRIMARY KEY (`id_jawaban`);

--
-- Indexes for table `kegiatan_survey`
--
ALTER TABLE `kegiatan_survey`
  ADD PRIMARY KEY (`id_kegiatan`),
  ADD KEY `no_form` (`no_form`),
  ADD KEY `kd_dpt` (`kd_dpt`);

--
-- Indexes for table `kuisioner`
--
ALTER TABLE `kuisioner`
  ADD PRIMARY KEY (`id_kuisioner`),
  ADD KEY `cstr_ksn_ind_no` (`id_indikator`),
  ADD KEY `cstr_ksn_form_kd` (`no_form`);

--
-- Indexes for table `lembar_survey`
--
ALTER TABLE `lembar_survey`
  ADD PRIMARY KEY (`kode_survey`);

--
-- Indexes for table `nilai_formulir`
--
ALTER TABLE `nilai_formulir`
  ADD PRIMARY KEY (`id_nilai`),
  ADD KEY `cstr_nil_form_no` (`no_form`);

--
-- Indexes for table `pegawai`
--
ALTER TABLE `pegawai`
  ADD PRIMARY KEY (`id`),
  ADD UNIQUE KEY `nik_2` (`nik`);

--
-- Indexes for table `periode_survey`
--
ALTER TABLE `periode_survey`
  ADD PRIMARY KEY (`kd_prd`);

--
-- Indexes for table `pertanyaan`
--
ALTER TABLE `pertanyaan`
  ADD PRIMARY KEY (`id_pertanyaan`),
  ADD KEY `cstr_prt_srvy` (`kode_survey`);

--
-- Indexes for table `pertanyaan_checkbox`
--
ALTER TABLE `pertanyaan_checkbox`
  ADD PRIMARY KEY (`id`),
  ADD KEY `cstr_per_chk` (`id_pertanyaan`);

--
-- Indexes for table `pertanyaan_radio`
--
ALTER TABLE `pertanyaan_radio`
  ADD PRIMARY KEY (`id`),
  ADD KEY `cstr_per_rad` (`id_pertanyaan`);

--
-- Indexes for table `pertanyaan_text`
--
ALTER TABLE `pertanyaan_text`
  ADD PRIMARY KEY (`id`);

--
-- Indexes for table `petugas`
--
ALTER TABLE `petugas`
  ADD PRIMARY KEY (`nip`) USING BTREE;

--
-- Indexes for table `survey`
--
ALTER TABLE `survey`
  ADD PRIMARY KEY (`id_survey`),
  ADD KEY `cstr_kds_lembar_survey_kd` (`kode_survey`),
  ADD KEY `cstr_kdp_periode_kd` (`kd_prd`),
  ADD KEY `cstr_kdd_depart_kd` (`kd_dpt`),
  ADD KEY `cstr_kdp_pegawai_kd` (`petugas`);

--
-- Indexes for table `unit`
--
ALTER TABLE `unit`
  ADD PRIMARY KEY (`id_unit`);

--
-- AUTO_INCREMENT for dumped tables
--

--
-- AUTO_INCREMENT for table `auditor`
--
ALTER TABLE `auditor`
  MODIFY `id_auditor` int(11) NOT NULL AUTO_INCREMENT, AUTO_INCREMENT=50;

--
-- AUTO_INCREMENT for table `departement_survey`
--
ALTER TABLE `departement_survey`
  MODIFY `kd_dpt` int(11) NOT NULL AUTO_INCREMENT, AUTO_INCREMENT=25;

--
-- AUTO_INCREMENT for table `dokumen_jawaban`
--
ALTER TABLE `dokumen_jawaban`
  MODIFY `id_jawaban` bigint(20) NOT NULL AUTO_INCREMENT, AUTO_INCREMENT=737;

--
-- AUTO_INCREMENT for table `indikator_kuisioner`
--
ALTER TABLE `indikator_kuisioner`
  MODIFY `id_indikator` int(11) NOT NULL AUTO_INCREMENT, AUTO_INCREMENT=68;

--
-- AUTO_INCREMENT for table `jawaban`
--
ALTER TABLE `jawaban`
  MODIFY `id_jawaban` bigint(20) NOT NULL AUTO_INCREMENT, AUTO_INCREMENT=12;

--
-- AUTO_INCREMENT for table `kegiatan_survey`
--
ALTER TABLE `kegiatan_survey`
  MODIFY `id_kegiatan` int(11) NOT NULL AUTO_INCREMENT, AUTO_INCREMENT=138;

--
-- AUTO_INCREMENT for table `kuisioner`
--
ALTER TABLE `kuisioner`
  MODIFY `id_kuisioner` bigint(20) NOT NULL AUTO_INCREMENT, AUTO_INCREMENT=390;

--
-- AUTO_INCREMENT for table `nilai_formulir`
--
ALTER TABLE `nilai_formulir`
  MODIFY `id_nilai` int(11) NOT NULL AUTO_INCREMENT, AUTO_INCREMENT=55;

--
-- AUTO_INCREMENT for table `periode_survey`
--
ALTER TABLE `periode_survey`
  MODIFY `kd_prd` int(11) NOT NULL AUTO_INCREMENT, AUTO_INCREMENT=13;

--
-- AUTO_INCREMENT for table `pertanyaan`
--
ALTER TABLE `pertanyaan`
  MODIFY `id_pertanyaan` int(11) NOT NULL AUTO_INCREMENT, AUTO_INCREMENT=24;

--
-- AUTO_INCREMENT for table `pertanyaan_checkbox`
--
ALTER TABLE `pertanyaan_checkbox`
  MODIFY `id` int(11) NOT NULL AUTO_INCREMENT, AUTO_INCREMENT=19;

--
-- AUTO_INCREMENT for table `pertanyaan_radio`
--
ALTER TABLE `pertanyaan_radio`
  MODIFY `id` bigint(20) NOT NULL AUTO_INCREMENT, AUTO_INCREMENT=15;

--
-- AUTO_INCREMENT for table `pertanyaan_text`
--
ALTER TABLE `pertanyaan_text`
  MODIFY `id` bigint(20) NOT NULL AUTO_INCREMENT;

--
-- AUTO_INCREMENT for table `survey`
--
ALTER TABLE `survey`
  MODIFY `id_survey` int(11) NOT NULL AUTO_INCREMENT, AUTO_INCREMENT=6;

--
-- AUTO_INCREMENT for table `unit`
--
ALTER TABLE `unit`
  MODIFY `id_unit` int(11) NOT NULL AUTO_INCREMENT, AUTO_INCREMENT=30;

--
-- Constraints for dumped tables
--

--
-- Constraints for table `dokumen`
--
ALTER TABLE `dokumen`
  ADD CONSTRAINT `cstr_dok_dpt_kd` FOREIGN KEY (`kd_dpt`) REFERENCES `departement_survey` (`kd_dpt`) ON UPDATE CASCADE,
  ADD CONSTRAINT `cstr_dok_kg_id` FOREIGN KEY (`id_kegiatan`) REFERENCES `kegiatan_survey` (`id_kegiatan`) ON UPDATE CASCADE,
  ADD CONSTRAINT `cstr_dok_ptgs_kd` FOREIGN KEY (`petugas`) REFERENCES `petugas` (`nip`) ON UPDATE CASCADE;

--
-- Constraints for table `dokumen_jawaban`
--
ALTER TABLE `dokumen_jawaban`
  ADD CONSTRAINT `cstr_jawa_dok_no` FOREIGN KEY (`no_dok`) REFERENCES `dokumen` (`no_dok`) ON UPDATE CASCADE,
  ADD CONSTRAINT `cstr_jawa_ind_id` FOREIGN KEY (`id_indikator`) REFERENCES `indikator_kuisioner` (`id_indikator`) ON UPDATE CASCADE,
  ADD CONSTRAINT `cstr_jawa_kuis_id` FOREIGN KEY (`id_kuisioner`) REFERENCES `kuisioner` (`id_kuisioner`) ON UPDATE CASCADE,
  ADD CONSTRAINT `cstr_jawa_nil_id` FOREIGN KEY (`id_nilai`) REFERENCES `nilai_formulir` (`id_nilai`) ON UPDATE CASCADE;

--
-- Constraints for table `indikator_kuisioner`
--
ALTER TABLE `indikator_kuisioner`
  ADD CONSTRAINT `cstr_ind_form_no` FOREIGN KEY (`no_form`) REFERENCES `formulir` (`no_form`) ON UPDATE CASCADE;

--
-- Constraints for table `kegiatan_survey`
--
ALTER TABLE `kegiatan_survey`
  ADD CONSTRAINT `cstr_kg_sv_dpt_kd` FOREIGN KEY (`kd_dpt`) REFERENCES `departement_survey` (`kd_dpt`) ON UPDATE CASCADE,
  ADD CONSTRAINT `cstr_kg_sv_form_no` FOREIGN KEY (`no_form`) REFERENCES `formulir` (`no_form`) ON UPDATE CASCADE;

--
-- Constraints for table `kuisioner`
--
ALTER TABLE `kuisioner`
  ADD CONSTRAINT `cstr_ksn_form_kd` FOREIGN KEY (`no_form`) REFERENCES `formulir` (`no_form`) ON UPDATE CASCADE,
  ADD CONSTRAINT `cstr_ksn_ind_no` FOREIGN KEY (`id_indikator`) REFERENCES `indikator_kuisioner` (`id_indikator`) ON UPDATE CASCADE;

--
-- Constraints for table `nilai_formulir`
--
ALTER TABLE `nilai_formulir`
  ADD CONSTRAINT `cstr_nil_form_no` FOREIGN KEY (`no_form`) REFERENCES `formulir` (`no_form`) ON UPDATE CASCADE;

--
-- Constraints for table `pertanyaan`
--
ALTER TABLE `pertanyaan`
  ADD CONSTRAINT `cstr_prt_srvy` FOREIGN KEY (`kode_survey`) REFERENCES `lembar_survey` (`kode_survey`) ON UPDATE CASCADE;

--
-- Constraints for table `pertanyaan_checkbox`
--
ALTER TABLE `pertanyaan_checkbox`
  ADD CONSTRAINT `cstr_per_chk` FOREIGN KEY (`id_pertanyaan`) REFERENCES `pertanyaan` (`id_pertanyaan`) ON DELETE CASCADE ON UPDATE CASCADE;

--
-- Constraints for table `pertanyaan_radio`
--
ALTER TABLE `pertanyaan_radio`
  ADD CONSTRAINT `cstr_per_rad` FOREIGN KEY (`id_pertanyaan`) REFERENCES `pertanyaan` (`id_pertanyaan`) ON DELETE CASCADE ON UPDATE CASCADE;

--
-- Constraints for table `petugas`
--
ALTER TABLE `petugas`
  ADD CONSTRAINT `petugas_ibfk_4` FOREIGN KEY (`nip`) REFERENCES `pegawai` (`nik`) ON UPDATE CASCADE;

--
-- Constraints for table `survey`
--
ALTER TABLE `survey`
  ADD CONSTRAINT `cstr_kdd_depart_kd` FOREIGN KEY (`kd_dpt`) REFERENCES `departement_survey` (`kd_dpt`) ON UPDATE CASCADE,
  ADD CONSTRAINT `cstr_kdp_pegawai_kd` FOREIGN KEY (`petugas`) REFERENCES `petugas` (`nip`) ON UPDATE CASCADE,
  ADD CONSTRAINT `cstr_kdp_periode_kd` FOREIGN KEY (`kd_prd`) REFERENCES `periode_survey` (`kd_prd`) ON UPDATE CASCADE,
  ADD CONSTRAINT `cstr_kds_lembar_survey_kd` FOREIGN KEY (`kode_survey`) REFERENCES `lembar_survey` (`kode_survey`) ON UPDATE CASCADE;
COMMIT;

/*!40101 SET CHARACTER_SET_CLIENT=@OLD_CHARACTER_SET_CLIENT */;
/*!40101 SET CHARACTER_SET_RESULTS=@OLD_CHARACTER_SET_RESULTS */;
/*!40101 SET COLLATION_CONNECTION=@OLD_COLLATION_CONNECTION */;
